Symbol,Category,Name,Price,RiseFall,Change,ChangeRate,NAV,EarningRate,Volume,Amount,MarCap
459580,6,KODEX CD금리액티브(합성),1041920,2,225,0.02,1041920.0,0.8859,639562,666370,90572
069500,1,KODEX 200,39430,5,-550,-1.38,39499.0,7.2983,3401507,134151,68056
357870,6,TIGER CD금리투자KIS(합성),54615,2,10,0.02,54611.0,0.8773,353823,19323,64188
423160,6,KODEX KOFR금리액티브(합성),107390,2,35,0.03,107369.0,0.8877,59144,6351,47667
360750,4,TIGER 미국S&P500,19255,5,-140,-0.72,19228.0,8.0891,4617978,88636,41081
449170,6,TIGER KOFR금리액티브(합성),105915,2,35,0.03,105913.0,0.8906,59142,6263,38508
133690,4,TIGER 미국나스닥100,124350,5,-2735,-2.15,124332.0,10.7745,356112,44143,37417
381180,4,TIGER 미국필라델피아반도체나스닥,20820,5,-680,-3.16,20836.0,16.7171,5085739,105696,30324
273130,6,KODEX 종합채권(AA-이상)액티브,112605,2,385,0.34,112567.0,2.6294,45285,5094,29298
381170,4,TIGER 미국테크TOP10 INDXX,21940,5,-695,-3.07,21863.0,19.0127,6300210,137638,28566
278530,1,KODEX 200TR,13705,5,-185,-1.33,13739.0,7.154,105118,1440,23600
102110,1,TIGER 200,39485,5,-565,-1.41,39567.0,7.302,1056930,41722,23355
465680,6,KODEX 24-12 은행채(AA+이상)액티브,10355,2,5,0.05,10353.0,0.9259,246499,2552,23193
122630,3,KODEX 레버리지,21790,5,-640,-2.85,22075.0,12.6389,12686840,277122,22269
252670,3,KODEX 200선물인버스2X,1804,2,48,2.73,1801.0,-13.0603,162440151,292858,17445
371460,4,TIGER 차이나전기차SOLACTIVE,7270,2,85,1.18,7248.0,-8.611,1295581,9345,17250
470260,6,TIGER 24-12 금융채(AA-이상),51570,2,5,0.01,51572.0,0.9889,1057,54,16189
455890,6,KBSTAR 머니마켓액티브,52570,2,10,0.02,52569.0,0.9796,262136,13780,16054
214980,6,KODEX 단기채권PLUS,111240,2,10,0.01,111239.0,0.9437,250833,27898,14588
379800,4,KODEX 미국S&P500TR,17535,5,-135,-0.76,17523.0,8.0739,1327862,23218,14300
102780,2,KODEX 삼성그룹,9780,5,-150,-1.51,9810.0,4.2643,375272,3671,14240
453850,6,ACE 미국30년국채액티브(H),8495,2,90,1.07,8494.0,4.2331,2059203,17471,13787
385540,6,KBSTAR 종합채권(A-이상)액티브,104360,2,350,0.34,104294.0,2.7671,166,17,13079
310970,1,TIGER MSCI Korea TR,16890,5,-200,-1.17,16883.0,6.3267,2665,44,13056
315930,2,KODEX Top5PlusTR,25785,5,-485,-1.85,25857.0,12.5736,19172,494,12893
292150,2,TIGER TOP10,13545,5,-220,-1.6,13549.0,8.8651,121010,1638,12488
148020,1,KBSTAR 200,39735,5,-545,-1.35,39781.0,7.4006,209561,8312,12238
305540,2,TIGER 2차전지테마,22180,2,25,0.11,22164.0,-5.6131,787362,17346,12199
305720,2,KODEX 2차전지산업,18725,5,-30,-0.16,18814.0,-4.2934,2654491,49633,12190
360200,4,ACE 미국S&P500,19470,5,-140,-0.71,19444.0,8.1126,588136,11412,11818
475630,7,TIGER CD1년금리액티브(합성),1016525,2,100,0.01,1016520.0,0.9067,37800,38424,11395
379810,4,KODEX 미국나스닥100TR,18570,5,-410,-2.16,18580.0,10.7664,1402011,25960,11328
233740,3,KODEX 코스닥150레버리지,11370,5,-65,-0.57,11473.0,-0.7421,17580761,199255,11120
458730,4,TIGER 미국배당다우존스,11595,2,125,1.09,11625.0,1.934,1199222,13886,11004
481050,6,KODEX 1년은행양도성예금증서+액티브(합성),1008975,2,270,0.03,1008977.0,,14771,14903,10214
367380,4,ACE 미국나스닥100,21370,5,-465,-2.13,21367.0,10.7885,747588,15926,9638
396500,2,TIGER Fn반도체TOP10,14215,5,-215,-1.49,14188.0,4.6297,3739665,53014,9638
453540,6,TIGER 25-10 회사채(A+이상)액티브,53185,2,50,0.09,53174.0,1.1602,124516,6621,8751
436140,6,SOL 종합채권(AA-이상)액티브,108900,2,185,0.17,109061.0,2.6003,11,1,8515
229200,1,KODEX 코스닥150,14140,5,-30,-0.21,14209.0,0.5332,4550156,64185,8321
476810,6,KODEX 25-11 은행채(AA-이상)PLUS액티브,10205,3,0,0.0,10204.0,1.3406,799,8,8093
458760,4,TIGER 미국배당+7%프리미엄다우존스,10140,2,130,1.3,10165.0,-0.4028,1538544,15567,7929
272580,6,TIGER 단기채권액티브,54195,2,10,0.02,54192.0,0.9593,11661,632,7879
139260,2,TIGER 200 IT,37640,5,-805,-2.09,37713.0,9.6002,49608,1867,7754
356540,6,ACE 종합채권(AA-이상)KIS액티브,102950,2,425,0.41,102909.0,2.7598,2264,232,7709
157450,6,TIGER 단기통안채,107555,2,15,0.01,107552.0,0.8864,23897,2569,7692
447820,6,TIGER 24-10 회사채(A+이상)액티브,55245,2,5,0.01,55254.0,0.9317,35087,1938,7664
153130,6,KODEX 단기채권,110260,3,0,0.0,110272.0,0.8921,23674,2610,7663
294400,1,KOSEF 200TR,49865,5,-700,-1.38,49944.0,7.1213,56044,2791,7280
114800,3,KODEX 인버스,3930,2,55,1.42,3926.0,-6.0932,30371073,119262,7160
152100,1,ARIRANG 200,40035,5,-580,-1.43,40103.0,7.39,359561,14374,7106
462010,2,TIGER 2차전지소재Fn,6765,2,20,0.3,6799.0,-5.3185,2263233,15254,6691
368590,4,KBSTAR 미국나스닥100,20650,5,-450,-2.13,20651.0,10.8308,321761,6624,6298
390390,4,KODEX 미국반도체MV,25545,5,-970,-3.66,25602.0,19.1297,877737,22367,6207
196230,6,KBSTAR 단기통안채,112170,2,10,0.01,112173.0,0.8405,23658,2653,6205
451540,6,TIGER 종합채권(AA-이상)액티브,53890,2,190,0.35,53866.0,2.8533,372,20,6114
371160,4,TIGER 차이나항셍테크,5780,2,135,2.39,5783.0,9.3661,1643331,9416,6031
476550,6,TIGER 미국30년국채프리미엄액티브(H),9560,2,75,0.79,9563.0,4.1621,2004946,19138,5989
314250,4,KODEX 미국빅테크10(H),42670,5,-1420,-3.22,42532.0,14.8432,338410,14398,5923
446720,4,SOL 미국배당다우존스,10645,2,115,1.09,10665.0,1.866,412817,4385,5812
329750,6,TIGER 미국달러단기채권액티브,12325,2,15,0.12,12335.0,1.5238,403555,4964,5778
091180,2,KODEX 자동차,21225,5,-195,-0.91,21206.0,1.955,489746,10394,5741
091160,2,KODEX 반도체,44180,5,-1020,-2.26,44246.0,2.4083,765403,33806,5677
105190,1,ACE 200,39670,5,-525,-1.31,39773.0,7.2017,5354,212,5117
293180,1,HANARO 200,39545,5,-540,-1.35,39606.0,7.3629,15368,606,5022
446770,4,ACE 글로벌반도체TOP4 Plus SOLACTIVE,27690,5,-825,-2.89,27586.0,18.7341,767620,21157,4984
453810,4,KODEX 인도Nifty50,14070,2,110,0.79,14088.0,8.3975,532659,7450,4910
477080,6,KBSTAR CD금리액티브(합성),101110,2,15,0.01,101066.0,0.888,2122,214,4907
469830,6,SOL 초단기채권액티브,51525,2,10,0.02,51524.0,0.9799,82106,4230,4884
329200,2,TIGER 리츠부동산인프라,4570,2,30,0.66,4564.0,4.5288,1290968,5883,4799
278540,1,KODEX MSCI Korea TR,13415,5,-230,-1.69,13438.0,6.2153,2816,37,4762
458250,6,TIGER 미국30년국채스트립액티브(합성 H),44205,2,740,1.7,44232.0,5.5767,308130,13592,4566
453870,4,TIGER 인도니프티50,13735,2,110,0.81,13755.0,8.577,357037,4869,4560
379780,4,KBSTAR 미국S&P500,16795,5,-120,-0.71,16770.0,8.1246,190532,3188,4518
477050,6,ARIRANG 머니마켓액티브,50620,2,5,0.01,50618.0,0.9673,34336,1737,4433
465580,4,ACE 미국빅테크TOP7 Plus,15960,5,-555,-3.36,15944.0,18.6176,1317118,20960,4341
474220,4,TIGER 미국테크TOP10+10%프리미엄,12940,5,-340,-2.56,12902.0,15.5357,1559113,20099,4264
161510,2,ARIRANG 고배당주,15020,5,-90,-0.6,15044.0,19.2915,327328,4916,4164
385560,6,KBSTAR KIS국고채30년Enhanced,75845,2,900,1.2,75761.0,7.9336,61961,4676,4141
148070,6,KOSEF 국고채10년,114640,2,640,0.56,114520.0,3.6434,10576,1210,4070
069660,1,KOSEF 200,39415,5,-550,-1.38,39459.0,7.3217,36413,1439,3961
441680,7,TIGER 미국나스닥100커버드콜(합성),10595,5,-10,-0.09,10639.0,2.1401,467495,4940,3941
456610,6,TIGER 미국달러SOFR금리액티브(합성),54740,2,5,0.01,54783.0,1.5019,11330,618,3814
467940,6,KODEX 25-11 회사채(A+이상)액티브,10525,5,-5,-0.05,10529.0,1.2506,15382,161,3782
251350,4,KODEX 선진국MSCI World,28755,5,-140,-0.48,28736.0,7.0232,55425,1588,3709
476450,6,히어로즈 머니마켓액티브,50805,3,0,0.0,50807.0,1.0039,75407,3831,3707
364980,2,TIGER 2차전지TOP10,11840,5,-50,-0.42,11902.0,-6.3662,3132070,36914,3653
402970,4,ACE 미국배당다우존스,11795,2,135,1.16,11801.0,2.2983,456465,5374,3645
114260,6,KODEX 국고채3년,60360,2,110,0.18,60369.0,1.6589,25980,1568,3631
455850,2,SOL AI반도체소부장,15840,5,-330,-2.04,15842.0,-6.4328,500960,7932,3627
457480,4,ACE 테슬라밸류체인액티브,12355,5,-1200,-8.85,12754.0,22.0849,2254180,28011,3626
455030,6,KODEX 미국달러SOFR금리액티브(합성),11345,2,5,0.04,11348.0,1.8402,197229,2234,3533
251340,3,KODEX 코스닥150선물인버스,3445,2,20,0.58,3455.0,-1.1478,35650749,122805,3466
479080,6,1Q 머니마켓액티브,50645,2,10,0.02,50645.0,1.0878,12373,626,3393
451000,6,ARIRANG 종합채권(AA-이상)액티브,109590,2,345,0.32,109581.0,2.5931,10,1,3392
226490,1,KODEX 코스피,29005,5,-355,-1.21,29112.0,6.4989,272945,7909,3307
273140,6,KODEX 단기변동금리부채권액티브,111185,5,-15,-0.01,111232.0,0.848,4935,548,3306
304660,6,KODEX 미국30년국채울트라선물(H),8035,2,75,0.94,8039.0,4.2153,696193,5595,3302
394660,4,TIGER 글로벌자율주행&전기차SOLACTIVE,11465,2,35,0.31,11515.0,2.8712,76786,877,3284
388420,2,KBSTAR 비메모리반도체액티브,13980,5,-285,-2.0,14028.0,-4.749,819623,11472,3187
472870,6,KBSTAR 미국30년국채엔화노출(합성 H),8675,2,220,2.6,8691.0,-0.379,1163976,10066,3114
241180,4,TIGER 일본니케이225,21775,5,-235,-1.07,21820.0,1.3261,70254,1533,3079
302190,6,TIGER 중장기국채,51165,2,160,0.31,51161.0,2.5967,25260,1291,3049
439870,6,KODEX 국고채30년액티브,111680,2,1120,1.01,111610.0,6.7584,12001,1334,3013
091170,2,KODEX 은행,8530,2,50,0.59,8555.0,16.2442,545064,4652,2956
361580,1,KBSTAR 200TR,21590,5,-300,-1.37,21626.0,7.1996,71099,1533,2947
245710,4,ACE 베트남VN30(합성),20115,5,-120,-0.59,20239.0,1.4883,74511,1495,2937
423920,4,TIGER 미국필라델피아반도체레버리지(합성),32025,5,-2255,-6.58,32106.0,31.2769,432537,13774,2876
143860,2,TIGER 헬스케어,35600,2,200,0.56,35809.0,8.0424,103400,3678,2841
466940,2,TIGER 은행고배당플러스TOP10,13870,2,10,0.07,13903.0,18.5166,466639,6478,2836
439860,6,KODEX ESG종합채권(A-이상)액티브,110555,5,-110,-0.1,110532.0,1.655,227,25,2824
449180,4,KODEX 미국S&P500(H),13130,5,-110,-0.83,13127.0,7.0613,188751,2478,2810
394670,4,TIGER 글로벌리튬&2차전지SOLACTIVE(합성),6265,2,60,0.97,6295.0,-9.2029,140044,873,2669
454780,6,히어로즈 종합채권(AA-이상)액티브,106775,2,420,0.39,106756.0,2.6929,25,2,2630
367770,2,KBSTAR Fn수소경제테마,9975,5,-75,-0.75,9981.0,10.5263,61971,615,2623
411060,5,ACE KRX금현물,15200,2,130,0.86,15139.0,-0.6861,262432,3982,2569
456600,4,TIMEFOLIO 글로벌AI인공지능액티브,21915,5,-715,-3.16,21924.0,11.1872,743561,16254,2494
091230,2,TIGER 반도체,45930,5,-895,-1.91,45864.0,2.6621,381523,17490,2489
448290,4,TIGER 미국S&P500TR(H),13525,5,-105,-0.77,13509.0,7.1711,100301,1355,2468
483280,4,KODEX 미국AI테크TOP10+15%프리미엄,11150,5,-275,-2.41,11107.0,,1439228,15973,2464
449190,4,KODEX 미국나스닥100(H),16035,5,-360,-2.2,16041.0,9.7235,250407,4013,2421
290130,2,KBSTAR ESG사회책임투자,13035,5,-25,-0.19,13085.0,11.5628,36444,475,2405
200250,4,KOSEF 인도Nifty50(합성),25840,2,210,0.82,25837.0,8.0493,81025,2076,2390
462330,2,KODEX 2차전지산업레버리지,3260,2,5,0.15,3287.0,-11.6532,3420100,11065,2331
471230,6,KODEX 국고채10년액티브,108745,2,520,0.48,108671.0,3.7247,32166,3491,2293
448880,6,ACE 24-12 회사채(AA-이상)액티브,104970,3,0,0.0,104976.0,0.9909,1136,119,2290
295040,1,SOL 200TR,14250,5,-200,-1.38,14286.0,7.1428,369,5,2287
422420,2,KBSTAR 2차전지액티브,9540,5,-40,-0.42,9564.0,-5.2161,441992,4204,2284
473290,6,KODEX 26-12 회사채(AA-이상)액티브,10370,3,0,0.0,10368.0,1.7664,10357,107,2282
272560,6,KBSTAR 단기국공채액티브,109745,3,0,0.0,109754.0,1.0264,2339,256,2240
464540,6,KBSTAR 25-03 회사채(AA-이상)액티브,50945,2,15,0.03,50935.0,1.0172,839,42,2193
409820,4,KODEX 미국나스닥100레버리지(합성 H),11755,5,-525,-4.28,11752.0,19.9489,430593,5061,2163
466920,2,SOL 조선TOP3플러스,11635,2,15,0.13,11660.0,22.1522,670937,7774,2135
479730,4,TIGER 인도빌리언컨슈머,10870,2,20,0.18,10868.0,,147750,1603,2098
484790,6,KODEX 미국30년국채액티브(H),9890,2,115,1.18,9888.0,,924777,9132,2047
471990,2,KODEX AI반도체핵심장비,13865,5,-320,-2.26,13871.0,-5.352,1195565,16584,2010
332940,1,HANARO MSCI Korea TR,16770,5,-365,-2.13,16851.0,5.7377,72,1,1996
463290,6,1Q 단기금융채액티브,104250,2,5,0.0,104254.0,1.0272,146811,15305,1944
372330,4,KODEX 차이나항셍테크,5765,2,130,2.31,5775.0,8.8762,524581,3006,1940
328370,1,ARIRANG 코스피TR,15380,5,-255,-1.63,15449.0,6.1421,8155,125,1938
486290,4,TIGER 미국나스닥100+15%프리미엄초단기,10140,5,-220,-2.12,10137.0,,3229411,32649,1916
143850,4,TIGER 미국S&P500선물(H),61580,5,-480,-0.77,61551.0,6.3925,27656,1702,1909
461950,2,KODEX 2차전지핵심소재10 Fn,6970,2,65,0.94,7007.0,-4.8465,910667,6291,1899
455860,2,SOL 2차전지소부장Fn,6500,2,20,0.31,6520.0,-4.482,569774,3679,1879
480020,4,ACE 미국빅테크7+ 15%프리미엄분배(합성),11925,5,-475,-3.83,11927.0,,730396,8707,1836
438330,6,TIGER 투자등급회사채액티브,111720,2,225,0.2,111697.0,2.0879,7223,806,1790
464930,4,TIGER 글로벌혁신블루칩TOP10,14780,5,-225,-1.5,14710.0,15.559,75020,1100,1788
445290,2,KODEX K-로봇액티브,14650,2,80,0.55,14711.0,2.0123,951737,13986,1729
466950,4,TIGER 글로벌AI액티브,15630,5,-470,-2.92,15677.0,11.2851,187161,2923,1716
475080,7,KODEX 테슬라인컴프리미엄채권혼합액티브,9625,5,-85,-0.88,9676.0,4.1215,347003,3337,1699
363570,6,KODEX 장기종합채권(AA-이상)액티브KAP,95915,2,585,0.61,95869.0,4.2611,265,25,1699
452360,4,SOL 미국배당다우존스(H),10850,2,140,1.31,10864.0,1.0336,145958,1583,1693
473330,6,SOL 미국30년국채커버드콜(합성),10115,2,100,1.0,10125.0,5.3865,396156,3994,1689
448300,4,TIGER 미국나스닥100TR(H),16450,5,-370,-2.2,16457.0,9.7032,186988,3075,1678
329650,7,KODEX TRF3070,12900,2,30,0.23,12910.0,4.3689,35621,459,1677
451600,6,ARIRANG 국고채30년액티브,106910,2,880,0.83,107123.0,6.2829,682,72,1665
483320,4,ACE 엔비디아밸류체인액티브,11015,5,-580,-5.0,11044.0,,907675,9962,1652
365780,6,ACE 국고채10년,90075,2,420,0.47,90015.0,3.6416,8440,759,1648
395270,2,HANARO Fn K-반도체,13370,5,-305,-2.23,13363.0,8.1627,849215,11327,1645
326240,2,KBSTAR IT플러스,19305,5,-340,-1.73,19356.0,1.6106,5722,110,1629
476850,1,KoAct 배당성장액티브,10470,5,-60,-0.57,10509.0,7.4397,33931,356,1607
451530,6,TIGER 국고채30년스트립액티브,54100,2,795,1.49,53993.0,9.1275,37045,1994,1587
192090,4,TIGER 차이나CSI300,8695,2,20,0.23,8706.0,0.5783,49232,426,1587
364960,2,TIGER BBIG,6220,2,20,0.32,6236.0,2.3868,96521,599,1586
472160,4,TIGER 미국테크TOP10 INDXX(H),14120,5,-445,-3.06,14036.0,18.0108,854224,12049,1581
481060,6,KODEX 미국30년국채+12%프리미엄(합성 H),10370,2,95,0.92,10379.0,,1771671,18371,1581
469820,6,SOL 24-12 회사채(AA-이상)액티브,51740,2,20,0.04,51735.0,1.025,18,0,1565
132030,5,KODEX 골드선물(H),14885,2,150,1.02,14876.0,-0.1677,93292,1390,1563
451060,1,1Q K200액티브,12460,5,-185,-1.46,12517.0,6.9527,14400,179,1551
261260,7,KODEX 미국달러선물인버스2X,5875,3,0,0.0,5873.0,-1.7559,640355,3784,1550
228790,2,TIGER 화장품,3130,5,-45,-1.42,3125.0,22.2656,2822097,8889,1545
292560,7,TIGER 일본엔선물,8230,2,95,1.17,8246.0,-3.799,333639,2738,1531
448540,7,ACE 엔비디아채권혼합블룸버그,20825,5,-435,-2.05,20864.0,12.1734,270158,5594,1520
461270,6,ACE 26-06 회사채(AA-이상)액티브,10680,2,5,0.05,10680.0,1.6175,41744,445,1519
471760,2,TIGER AI반도체핵심공정,13585,5,-335,-2.41,13615.0,-1.0345,595406,8095,1501
449450,2,ARIRANG K방산Fn,16400,5,-135,-0.82,16421.0,7.1755,546398,8961,1492
190620,6,ACE 단기통안채,102215,2,5,0.0,102218.0,0.9032,1464,149,1477
138540,2,TIGER 현대차그룹+펀더멘털,29735,5,-305,-1.02,29818.0,9.707,43245,1287,1475
464230,6,히어로즈 24-09 회사채(AA-이상)액티브,51600,2,15,0.03,51600.0,0.8994,10107,521,1460
480260,6,TIGER 27-04회사채(A+이상)액티브,50890,2,50,0.1,50923.0,,9435,480,1445
447770,7,TIGER 테슬라채권혼합Fn,11640,5,-330,-2.76,11718.0,12.4094,542657,6296,1426
219480,4,KODEX 미국S&P500선물(H),25540,5,-210,-0.82,25548.0,6.7056,10774,275,1405
462540,6,SOL 25-09 회사채(AA-이상)액티브,52565,5,-10,-0.02,52562.0,1.1935,79,4,1398
401470,2,KODEX K-메타버스액티브,7580,5,-20,-0.26,7607.0,6.3859,59801,453,1380
461460,6,ARIRANG 국고채10년액티브,53555,2,200,0.37,53570.0,3.6882,48,2,1379
395290,2,HANARO Fn K-POP&미디어,6695,2,40,0.6,6684.0,-8.0358,668813,4488,1359
244580,2,KODEX 바이오,8590,2,180,2.14,8657.0,7.9824,730076,6238,1354
483230,6,KBSTAR 25-06 은행채(AA+이상)액티브,50215,2,15,0.03,50213.0,,46104,2314,1329
275980,4,TIGER 글로벌4차산업혁신기술(합성 H),17110,2,80,0.47,17197.0,2.9482,20288,347,1321
278620,6,ARIRANG 단기채권액티브,113720,2,5,0.0,113718.0,0.9677,382,43,1320
305080,6,TIGER 미국채10년선물,12160,2,70,0.58,12152.0,3.3574,96777,1172,1313
182480,7,TIGER 미국MSCI리츠(합성 H),12465,2,295,2.42,12504.0,6.275,51407,639,1278
304940,4,KODEX 미국나스닥100선물(H),23845,5,-525,-2.15,23837.0,9.4309,94712,2257,1276
473440,6,ACE 11월만기자동연장회사채AA-이상액티브,10300,3,0,0.0,10300.0,0.9803,5243,53,1260
472150,2,TIGER 배당프리미엄액티브,11750,5,-185,-1.55,11759.0,7.5318,16938,199,1253
484890,6,SOL 머니마켓액티브,50135,2,10,0.02,50130.0,,97756,4900,1248
325020,2,KODEX 배당가치,14940,5,-115,-0.76,14989.0,9.2904,12479,186,1240
364970,2,TIGER 바이오TOP10,6630,2,80,1.22,6653.0,4.0,417333,2761,1223
412770,4,TIGER 글로벌메타버스액티브,10270,5,-125,-1.2,10331.0,5.9308,49762,510,1217
463050,2,TIMEFOLIO K바이오액티브,11300,2,250,2.26,11325.0,23.3624,542170,6104,1215
277630,1,TIGER 코스피,29540,5,-355,-1.19,29618.0,6.7312,3678,108,1196
401170,2,KBSTAR iSelect메타버스,6375,2,30,0.47,6383.0,5.8091,31620,201,1196
385550,6,KBSTAR 단기종합채권(AA-이상)액티브,109070,2,15,0.01,109072.0,1.0234,1165,127,1192
475260,6,ACE 2월만기자동연장회사채AA-이상액티브,10220,2,5,0.05,10219.0,1.088,1880,19,1186
456880,7,ACE 미국달러SOFR금리(합성),11100,2,10,0.09,11091.0,1.8348,32301,357,1174
228800,2,TIGER 여행레저,3245,2,15,0.46,3248.0,-4.3056,203694,660,1163
466400,6,1Q 25-08 회사채(A+이상)액티브,105255,3,0,0.0,105269.0,1.2359,1359,143,1161
480310,4,TIGER 글로벌온디바이스AI,11610,5,-455,-3.77,11616.0,,1483027,17236,1155
332930,1,HANARO 200TR,49925,5,-640,-1.27,50025.0,7.1811,69,3,1123
472920,6,HK 종합채권(AA-이상)액티브,105415,3,0,0.0,105754.0,2.6455,0,0,1122
458210,7,히어로즈 CD금리액티브(합성),104125,2,15,0.01,104089.0,0.8474,16,1,1121
476690,4,TIGER 글로벌비만치료제TOP2Plus,11820,2,10,0.08,11799.0,15.3395,990268,11688,1111
470320,6,BNK 24-11 회사채(AA-이상)액티브,51740,2,15,0.03,51736.0,0.9659,63,3,1104
400970,2,TIGER Fn메타버스,7145,2,50,0.7,7172.0,10.5181,94252,673,1093
168580,4,ACE 중국본토CSI300,23480,2,10,0.04,23632.0,0.1706,254,5,1085
476070,4,KODEX 글로벌비만치료제TOP2 Plus,12890,5,-50,-0.39,12900.0,12.1942,222042,2854,1076
462900,2,KoAct 바이오헬스케어액티브,12775,2,355,2.86,12783.0,14.9347,394429,4995,1073
278240,3,KBSTAR 코스닥150선물레버리지,12790,5,-100,-0.78,12797.0,0.1958,28542,363,1069
309230,4,ACE 미국WideMoat가치주,24520,2,260,1.07,24610.0,-0.0367,17806,435,1064
363580,2,KODEX 200IT TR,14550,5,-325,-2.18,14618.0,9.2752,7026,102,1062
468820,6,WOORI 25-09 회사채(AA-이상)액티브,52925,5,-15,-0.03,52928.0,1.3209,11,0,1060
414780,4,TIGER 차이나과창판STAR50(합성),5485,2,15,0.27,5593.0,-2.8344,1825,9,1050
482730,4,TIGER 미국S&P500+10%프리미엄초단기,10565,5,-70,-0.66,10558.0,,429773,4526,1046
435420,7,TIGER 미국나스닥100TR채권혼합Fn,12480,5,-55,-0.44,12479.0,5.0947,126379,1574,1036
419890,6,히어로즈 단기채권ESG액티브,107875,2,20,0.02,107892.0,1.2863,214,23,1036
461260,6,ACE 25-06 회사채(AA-이상)액티브,10580,2,15,0.14,10564.0,1.2924,5241,55,1016
481190,4,SOL 미국테크TOP10,11775,5,-410,-3.36,11740.0,,752924,8837,1013
282000,3,KBSTAR 국고채3년선물인버스,108615,5,-245,-0.23,108604.0,-0.1747,4,0,1004
270810,1,KBSTAR 코스닥150,14030,5,-60,-0.43,14108.0,0.3217,78734,1105,991
232080,1,TIGER 코스닥150,14505,5,-45,-0.31,14617.0,0.1726,200610,2907,989
130730,6,KOSEF 단기자금,103420,2,5,0.0,103427.0,0.9418,3996,413,984
475720,3,KBSTAR 200위클리커버드콜,10595,5,-135,-1.26,10620.0,6.003,454591,4822,980
426030,4,TIMEFOLIO 미국나스닥100액티브,21520,5,-555,-2.51,21494.0,9.2663,93634,2004,964
453010,7,ARIRANG KOFR금리,104745,2,20,0.02,104744.0,0.8618,17144,1795,963
433330,4,SOL 미국S&P500,16035,5,-115,-0.71,16020.0,8.0088,50273,803,962
245340,4,TIGER 미국다우존스30,26990,2,65,0.24,27011.0,3.7837,22084,595,961
438570,6,SOL 국고채10년,107400,2,580,0.54,107345.0,3.728,1047,112,958
325010,2,KODEX Fn성장,16170,5,-170,-1.04,16196.0,4.1747,243,3,954
472170,7,TIGER 미국테크TOP10채권혼합,12190,5,-140,-1.14,12159.0,9.4746,202335,2455,951
480030,4,ACE 미국500 15%프리미엄분배(합성),10665,5,-135,-1.25,10671.0,,307930,3276,949
157490,2,TIGER 소프트웨어,8015,5,-50,-0.62,8018.0,-1.1714,218182,1767,944
213610,2,KODEX 삼성그룹밸류,9335,5,-145,-1.53,9367.0,3.3318,17141,159,934
150460,2,TIGER 중국소비테마,6905,2,35,0.51,6963.0,14.7391,35548,245,932
479520,6,KBSTAR KOFR금리액티브(합성),100760,2,25,0.02,100720.0,,1954,196,928
475270,6,ACE 5월만기자동연장회사채AA-이상액티브,10210,3,0,0.0,10209.0,1.1892,4940,50,926
480040,4,ACE 미국반도체15%프리미엄분배(합성),11970,5,-475,-3.82,12030.0,,357445,4280,922
302450,1,KBSTAR 코스피,29525,5,-370,-1.24,29645.0,6.6192,11541,340,915
283580,4,KODEX 차이나CSI300,10650,2,70,0.66,10663.0,0.8522,28611,303,911
139230,2,TIGER 200 중공업,4960,2,5,0.1,4956.0,24.5918,791095,3908,903
458260,6,TIGER 미국투자등급회사채액티브(H),49800,2,290,0.59,49714.0,3.253,14364,714,894
267770,3,TIGER 200선물레버리지,16785,5,-490,-2.84,16820.0,12.8782,178554,3012,890
438080,7,ACE 미국S&P500채권혼합액티브,11955,5,-20,-0.17,11938.0,3.4617,92125,1097,885
466930,2,SOL 자동차TOP3플러스,12280,5,-170,-1.37,12322.0,8.788,14912,183,884
448600,6,KBSTAR 25-11 회사채(AA-이상)액티브,52540,5,-10,-0.02,52553.0,1.2702,2869,150,877
434060,7,KODEX TDF2050액티브,13530,2,10,0.07,13526.0,5.7113,76870,1036,846
252710,3,TIGER 200선물인버스2X,1915,2,54,2.9,1911.0,-13.152,3650770,6965,843
437080,6,KODEX 미국종합채권ESG액티브(H),100705,2,370,0.37,100720.0,2.6816,1637,164,829
474590,2,WOORI 반도체밸류체인액티브,12140,5,-360,-2.88,12146.0,-0.4511,36394,441,826
418660,4,TIGER 미국나스닥100레버리지(합성),22560,5,-955,-4.06,22537.0,21.095,206862,4635,823
452250,6,ACE 미국30년국채선물레버리지(합성 H),6635,2,160,2.47,6629.0,7.1025,248076,1639,819
437350,6,KBSTAR 미국단기투자등급회사채액티브,11290,2,45,0.4,11281.0,2.8233,6905,77,819
465350,3,KBSTAR 2차전지TOP10인버스(합성),26805,5,-125,-0.46,26954.0,2.5047,743058,20031,818
144600,5,KODEX 은선물(H),5675,5,-25,-0.44,5666.0,5.3853,550217,3159,817
284430,6,KODEX 200미국채혼합,13490,3,0,0.0,13440.0,5.1441,41056,552,809
204450,4,KODEX 차이나H레버리지(H),1778,2,99,5.9,1775.0,24.4226,940187,1635,804
204480,4,TIGER 차이나CSI300레버리지(합성),14190,2,105,0.75,14443.0,-1.9351,13773,194,803
477730,4,KODEX 인도타타그룹,10585,2,130,1.24,10639.0,,842025,8838,794
412570,2,TIGER 2차전지TOP10레버리지,3025,2,35,1.17,3046.0,-17.6871,1556207,4673,787
476750,6,ACE 미국30년국채엔화노출액티브(H),9290,2,220,2.43,9305.0,-0.8327,351469,3258,780
465780,6,마이티 26-09 특수채(AAA)액티브,105455,3,0,0.0,105446.0,1.6238,0,0,770
228810,2,TIGER 미디어컨텐츠,5040,2,45,0.9,5052.0,-6.7531,112029,567,758
461500,6,HANARO 종합채권(AA-이상)액티브,108970,2,135,0.12,109088.0,2.6566,262,28,751
476800,7,KODEX 한국부동산리츠인프라,5200,2,35,0.68,5201.0,3.4208,232444,1206,746
454320,2,HANARO CAPEX설비투자iSelect,15610,5,-65,-0.41,15603.0,16.7801,93966,1466,741
195980,4,ARIRANG 신흥국MSCI(합성 H),10200,2,65,0.64,10229.0,8.5683,17919,182,738
421320,2,ARIRANG 우주항공&UAM iSelect,13310,5,-115,-0.86,13352.0,6.6677,12609,168,719
437070,6,KODEX 아시아달러채권ESG플러스액티브,56870,2,215,0.38,56816.0,3.2873,227,12,712
114820,6,TIGER 국채3년,106855,2,210,0.2,106836.0,1.6292,6393,682,710
266420,2,KODEX 헬스케어,16035,2,145,0.91,16133.0,8.3812,85219,1363,706
461490,7,KBSTAR 글로벌자산배분액티브,11940,3,0,0.0,11925.0,3.7809,203402,2425,698
441640,4,KODEX 미국배당프리미엄액티브,11240,2,10,0.09,11233.0,4.1512,177001,1983,697
464240,6,히어로즈 26-09 회사채(AA-이상)액티브,52235,2,30,0.06,52255.0,1.6779,5949,310,695
236350,4,TIGER 인도니프티50레버리지(합성),45525,2,725,1.62,45782.0,14.2982,7510,336,692
481430,6,KBSTAR 국고채10년액티브,102820,2,595,0.58,102784.0,,32170,3301,692
174360,4,KBSTAR 중국본토대형주CSI100,15910,3,0,0.0,15972.0,0.8238,8255,130,684
269540,4,ARIRANG 미국S&P500(H),22760,5,-190,-0.83,22748.0,7.2168,9172,208,683
465660,4,TIGER 일본반도체FACTSET,15235,5,-495,-3.15,15264.0,-4.4768,48834,752,678
464310,4,TIGER 글로벌AI&로보틱스 INDXX,12520,2,80,0.64,12557.0,3.6423,73706,920,676
225040,4,TIGER 미국S&P500레버리지(합성 H),42595,5,-610,-1.41,42519.0,13.9056,19342,822,647
414270,4,ACE G2전기차&자율주행액티브,9300,5,-70,-0.75,9333.0,12.4546,56901,524,642
442320,4,KBSTAR 글로벌원자력iSelect,18520,5,-165,-0.88,18550.0,14.1448,62214,1146,639
423170,4,SOL 한국형글로벌반도체액티브,21310,5,-540,-2.47,21157.0,15.445,77217,1638,631
136340,6,KBSTAR 중기우량회사채,105775,2,195,0.18,105763.0,1.5193,769,81,623
139280,2,TIGER 경기방어,9400,2,45,0.48,9435.0,5.9632,117598,1105,622
465610,4,ACE 미국빅테크TOP7 Plus레버리지(합성),23725,5,-1785,-7.0,23677.0,36.9013,197910,4654,617
315960,2,KBSTAR 대형고배당10TR,22730,5,-470,-2.03,22795.0,12.469,12291,279,602
485540,4,KODEX 미국AI테크TOP10,10350,5,-385,-3.59,10336.0,,1386557,14325,600
458750,4,TIGER 미국배당+3%프리미엄다우존스,10910,2,145,1.35,10920.0,1.1215,138233,1506,595
152380,6,KODEX 국채선물10년,67655,2,335,0.5,67700.0,3.8609,14395,972,593
429000,4,TIGER 미국S&P500배당귀족,11470,2,150,1.33,11487.0,-0.1654,79046,905,585
483340,4,ACE 구글밸류체인액티브,10960,5,-325,-2.88,10960.0,,198576,2176,581
411420,4,KODEX 미국메타버스나스닥액티브,12225,5,-345,-2.74,12245.0,9.6412,23505,286,575
395170,2,KODEX Fn Top10동일가중,8315,5,-65,-0.78,8343.0,5.547,1752,14,574
449770,4,KOSEF 미국S&P500,15455,5,-100,-0.64,15435.0,8.2358,11235,173,572
261240,7,KODEX 미국달러선물,13250,5,-10,-0.08,13269.0,1.5325,27998,370,564
469580,6,KBSTAR KP달러채권액티브,53745,2,95,0.18,53789.0,2.7707,130,6,559
108450,2,ACE 삼성그룹섹터가중,15955,5,-285,-1.75,16051.0,2.8492,20004,319,558
453820,4,KODEX 인도Nifty50레버리지(합성),18255,2,335,1.87,18267.0,13.1742,27807,501,557
261220,5,KODEX WTI원유선물(H),16200,2,70,0.43,16184.0,-1.2798,141656,2290,555
469150,2,ACE AI반도체포커스,19050,5,-545,-2.78,19037.0,10.3196,326935,6220,552
440640,6,ACE 단기채권알파액티브,107175,3,0,0.0,107176.0,0.9465,6533,700,546
308620,6,KODEX 미국10년국채선물,11530,2,60,0.52,11533.0,2.9004,32872,378,542
464920,4,ARIRANG 일본반도체소부장Solactive,14650,5,-375,-2.5,14644.0,-2.2356,13708,200,535
256440,4,ACE 인도네시아MSCI(합성),9885,3,0,0.0,10039.0,-6.4364,38965,384,534
099140,4,KODEX 차이나H,16850,2,435,2.65,16944.0,14.1212,40451,676,531
385510,2,KODEX K-신재생에너지액티브,18990,5,-70,-0.37,19055.0,11.8638,23708,451,522
434730,2,HANARO 원자력iSelect,19295,5,-215,-1.1,19304.0,26.3837,198226,3852,521
233160,3,TIGER 코스닥150 레버리지,12700,5,-70,-0.55,12772.0,-0.9361,226306,2865,521
295020,6,KBSTAR 국채선물10년인버스,54175,5,-325,-0.6,54170.0,-2.2024,7,0,519
403790,1,마이다스 KoreaStock액티브,22275,5,-255,-1.13,22330.0,6.8089,101,2,518
245360,4,TIGER 차이나HSCEI,9770,2,225,2.36,9826.0,12.2343,46379,449,518
483420,4,ACE 애플밸류체인액티브,11255,5,-390,-3.35,11246.0,,308148,3464,518
470310,2,UNICORN 생성형AI강소기업액티브,9585,5,-175,-1.79,9575.0,-4.0061,3342,32,518
455960,6,KBSTAR 미국달러SOFR금리액티브(합성),11060,2,35,0.32,11054.0,1.8416,4972,54,514
441800,1,TIMEFOLIO Korea플러스배당액티브,14125,5,-230,-1.6,14171.0,19.4806,276560,3923,514
397410,6,KBSTAR 국채선물5년추종인버스,55690,5,-215,-0.38,55699.0,-0.7839,7,0,505
218420,4,KODEX 미국S&P500에너지(합성),14505,2,135,0.94,14547.0,-7.6997,19826,286,504
298770,4,KODEX 한국대만IT프리미어,27580,5,-660,-2.34,27490.0,14.8879,21796,604,496
203780,4,TIGER 미국나스닥바이오,24300,2,575,2.42,24232.0,12.0073,62669,1516,496
300640,2,KBSTAR 게임테마,9170,2,85,0.94,9190.0,9.7546,122215,1124,486
483330,4,ACE 마이크로소프트밸류체인액티브,10675,5,-280,-2.56,10676.0,,127013,1351,486
395160,2,KODEX Fn시스템반도체,12380,5,-330,-2.6,12414.0,3.7024,53257,660,483
322400,2,HANARO e커머스,9925,5,-40,-0.4,9912.0,-0.8096,3724,37,481
479620,4,SOL 미국AI반도체칩메이커,11765,5,-465,-3.8,11831.0,,173760,2035,476
441540,2,HANARO Fn조선해운,12440,5,-75,-0.6,12482.0,22.5495,106404,1322,473
448330,1,KODEX 삼성전자채권혼합Wise,11710,5,-100,-0.85,11720.0,1.5171,84656,992,468
447620,7,SOL 미국TOP5채권혼합40 Solactive,12925,5,-170,-1.3,12913.0,7.8431,54162,699,465
475380,7,KBSTAR 글로벌리얼티인컴,10210,2,210,2.1,10272.0,4.6213,92500,938,465
448490,6,HANARO 32-10 국고채액티브,55425,2,315,0.57,55392.0,4.0747,350,19,464
304780,3,HANARO 200선물레버리지,24290,5,-690,-2.76,24390.0,12.6884,246,5,462
271050,5,KODEX WTI원유선물인버스(H),3985,5,-15,-0.37,3980.0,1.2706,326344,1302,461
400570,4,KODEX 유럽탄소배출권선물ICE(H),10220,5,-30,-0.29,10237.0,-0.3899,15095,154,460
407830,4,에셋플러스 글로벌플랫폼액티브,9760,5,-365,-3.6,9865.0,17.0263,16715,162,449
261270,7,KODEX 미국달러선물인버스,8210,5,-20,-0.24,8222.0,-0.3641,23976,197,443
469070,2,KBSTAR AI&로봇,9205,2,185,2.05,9198.0,-7.3944,236271,2177,442
465330,2,KBSTAR 2차전지TOP10,12425,2,35,0.28,12483.0,-4.8986,518189,6404,441
266160,2,KBSTAR 고배당,14690,5,-180,-1.21,14683.0,9.8482,75747,1112,441
367760,2,KBSTAR Fn5G테크,13540,5,-300,-2.17,13530.0,14.1845,109437,1477,440
469170,2,ACE 포스코그룹포커스,6870,5,-40,-0.58,6896.0,-0.5069,171600,1173,440
483290,4,KODEX 미국배당+10%프리미엄다우존스,9975,2,140,1.42,9990.0,,597651,5950,439
332500,1,ACE 200TR,25590,5,-360,-1.39,25655.0,7.2056,1626,41,435
399110,4,SOL 미국S&P500ESG,15410,5,-90,-0.58,15358.0,9.8438,40926,628,431
473490,4,KOSEF 글로벌AI반도체,16415,5,-655,-3.84,16579.0,17.9662,191104,3123,419
102970,2,KODEX 증권,7645,5,-35,-0.46,7656.0,12.9246,97066,740,417
227540,2,TIGER 200 헬스케어,18065,2,565,3.23,18064.0,0.871,44369,793,408
122260,6,KOSEF 통안채1년,104480,5,-5,0.0,104488.0,1.0102,323,33,407
319640,4,TIGER 골드선물(H),15900,2,150,0.95,15889.0,-0.3135,52197,831,405
266360,2,KODEX 미디어&엔터테인먼트,11170,5,-25,-0.22,11197.0,-1.1505,39167,442,402
329670,7,KODEX TRF7030,17480,2,45,0.26,17448.0,6.1645,10790,188,402
426150,6,WOORI 대한민국국고채액티브,54990,2,180,0.33,55108.0,3.569,257,14,400
371450,4,TIGER 글로벌클라우드컴퓨팅INDXX,9805,2,180,1.87,9822.0,-6.5301,19960,195,400
195930,4,TIGER 유로스탁스50(합성 H),17775,2,35,0.2,17889.0,0.0281,5273,93,400
250730,4,KBSTAR 차이나HSCEI(H),7780,2,210,2.77,7782.0,12.8353,64389,495,397
487240,2,KODEX AI전력핵심설비,10850,5,-240,-2.16,10840.0,,1837642,20267,391
438100,7,ACE 미국나스닥100채권혼합액티브,12460,5,-105,-0.84,12474.0,4.0935,74111,922,386
464470,6,ARIRANG 미국채30년액티브,52460,2,590,1.14,52435.0,5.3413,26659,1393,382
276970,4,KODEX 미국S&P500배당귀족커버드콜(합성 H),8095,2,180,2.27,8133.0,-5.2552,26406,213,380
248270,4,TIGER S&P글로벌헬스케어(합성),23745,2,85,0.36,23747.0,6.2653,14908,353,380
458030,6,WOORI 단기국공채액티브,52220,2,5,0.01,52231.0,0.9179,343,17,378
434960,1,대신343 K200,39620,5,-565,-1.41,39661.0,7.3392,39,1,376
272910,6,ACE 중장기국공채액티브,103750,2,40,0.04,103757.0,2.1312,3,0,376
469160,4,ACE 일본반도체,13375,5,-220,-1.62,13417.0,-1.9069,10256,136,375
365000,2,TIGER 인터넷TOP10,3920,5,-20,-0.51,3920.0,4.5333,300074,1185,374
453330,4,KBSTAR 미국S&P500(H),13825,5,-120,-0.86,13818.0,6.9136,318532,4398,373
368190,2,HANARO Fn K-뉴딜디지털플러스,7825,2,5,0.06,7858.0,-0.1914,2394,18,372
123320,3,TIGER 레버리지,21565,5,-580,-2.62,21576.0,12.9944,41128,885,367
481180,4,SOL 미국AI소프트웨어,10890,5,-100,-0.91,10895.0,,123993,1342,365
329660,7,KODEX TRF5050,15115,2,35,0.23,15136.0,4.602,15116,227,363
123310,3,TIGER 인버스,4405,2,65,1.5,4395.0,-5.8761,165190,725,361
336160,6,KBSTAR 금융채액티브,102100,2,200,0.2,102075.0,1.6861,251,25,357
337160,2,KODEX 200ESG,14705,5,-130,-0.88,14764.0,11.9527,4232,62,353
388280,2,KBSTAR Fn컨택트대표,6035,2,50,0.84,6058.0,-3.6866,3282,19,351
243880,2,TIGER 200IT레버리지,51940,5,-1940,-3.6,51920.0,17.8312,14142,730,351
456680,4,TIGER 차이나전기차레버리지(합성),3960,2,75,1.93,4005.0,-18.6859,98030,381,348
138230,7,KOSEF 미국달러선물,15100,2,5,0.03,15102.0,1.615,741,11,346
261250,7,KODEX 미국달러선물레버리지,14680,5,-5,-0.03,14698.0,2.3353,73497,1073,342
114100,6,KBSTAR 국고채3년,109010,2,165,0.15,109049.0,1.6732,289,31,337
472830,6,KBSTAR 미국30년국채커버드콜(합성),9900,2,120,1.23,9898.0,6.1206,128517,1268,337
463300,4,KBSTAR 중국본토CSI300,9025,2,125,1.4,9164.0,-0.2763,1860,16,334
438320,4,TIGER 차이나항셍테크레버리지(합성 H),5420,2,270,5.24,5411.0,12.5649,199760,1064,327
486240,2,DAISHIN343 AI반도체&인프라액티브,10190,5,-285,-2.72,10233.0,,1178,12,326
445150,2,KODEX K-친환경선박액티브,12295,5,-95,-0.77,12313.0,19.1491,43752,536,326
453950,4,TIGER TSMC밸류체인FACTSET,18605,5,-640,-3.33,18484.0,14.8456,78520,1456,326
160580,5,TIGER 구리실물,11900,5,-195,-1.61,12075.0,3.4782,83973,1000,324
371470,4,TIGER 차이나바이오테크SOLACTIVE,5060,2,75,1.5,5096.0,-6.1225,15385,77,322
354350,4,HANARO 글로벌럭셔리S&P(합성),18870,2,225,1.21,19007.0,-3.33,11547,216,319
469050,4,KBSTAR 미국반도체NYSE(H),16590,5,-420,-2.47,16493.0,13.6379,51816,857,315
475070,4,KoAct 글로벌기후테크인프라액티브,12600,2,145,1.16,12859.0,7.5085,13230,166,315
471040,4,KoAct 글로벌AI&로봇액티브,14620,5,-460,-3.05,14595.0,12.4615,44789,654,314
385720,1,TIMEFOLIO 코스피액티브,10430,5,-85,-0.81,10391.0,8.9864,315292,3281,313
332620,6,ARIRANG 미국장기우량회사채,92800,2,670,0.73,92801.0,3.9542,1776,163,313
251600,7,ARIRANG 고배당주채권혼합,12405,2,5,0.04,12411.0,8.246,39254,487,310
475280,6,ACE 8월만기자동연장회사채AA-이상액티브,10195,3,0,0.0,10194.0,0.9905,124,1,309
487340,6,ACE CD금리&초단기채권액티브,100115,2,5,0.0,100114.0,,33504,3353,307
476760,6,ACE 미국30년국채액티브,10230,2,85,0.84,10257.0,4.7511,77257,788,307
287180,4,ARIRANG 미국나스닥테크,36015,5,-705,-1.92,36020.0,6.1293,7080,254,306
394350,4,KOSEF 글로벌퓨처모빌리티,10875,5,-80,-0.73,10890.0,9.6822,16657,180,305
440340,7,TIGER 글로벌멀티에셋TIF액티브,10895,2,30,0.28,10901.0,3.7026,1508,16,300
463640,4,KODEX 미국S&P500유틸리티,11490,2,270,2.41,11481.0,11.6943,9638,110,299
101280,4,KODEX 일본TOPIX100,21950,2,65,0.3,21907.0,3.7726,13351,292,299
152870,1,파워 200,39755,5,-520,-1.29,39792.0,7.3415,3734,148,298
332610,6,ARIRANG 미국단기회사채(AAA~A),120325,5,-325,-0.27,120788.0,1.6773,75,9,296
238720,4,ACE 일본Nikkei225(H),29085,5,-740,-2.48,29104.0,4.9621,13361,389,291
276990,4,KODEX 글로벌로봇(합성),18245,2,395,2.21,18352.0,1.1644,15112,274,286
359210,1,KODEX 코스피TR,14175,5,-150,-1.05,14196.0,6.7394,1442,20,284
385590,2,ACE ESG액티브,8840,5,-140,-1.56,8907.0,7.6998,1141,10,283
261070,2,TIGER 코스닥150바이오테크,12520,2,20,0.16,12619.0,15.1793,113354,1421,278
387270,4,TIGER 글로벌BBIG액티브,16045,5,-315,-1.93,16082.0,10.1991,14353,229,276
474800,4,KOSEF 미국원유에너지기업,11600,2,125,1.09,11621.0,-6.2248,66034,763,273
140700,2,KODEX 보험,10285,5,-160,-1.53,10313.0,20.1939,54094,556,267
326230,2,KBSTAR 내수주플러스,8405,5,-20,-0.24,8435.0,5.5506,9150,76,267
266370,2,KODEX IT,22255,5,-520,-2.28,22247.0,7.5848,3767,83,267
450910,1,SOL 코스닥150,13855,5,-160,-1.14,13954.0,0.2169,80,1,266
279530,2,KODEX 고배당,10230,2,10,0.1,10270.0,5.4095,20805,212,266
385520,2,KODEX K-미래차액티브,10035,5,-145,-1.42,10035.0,5.9885,9359,93,266
375770,2,KODEX 탄소효율그린뉴딜,9825,5,-130,-1.31,9850.0,6.5271,2730,26,265
438560,6,SOL 국고채3년,104470,2,210,0.2,104474.0,1.6294,89,9,260
289480,3,TIGER 200커버드콜ATM,9290,5,-70,-0.75,9319.0,4.9836,39629,367,260
487230,4,KODEX 미국AI전력핵심인프라,10185,5,-85,-0.83,10197.0,,895030,9118,260
261120,7,TIGER 미국달러선물인버스2X,5890,3,0,0.0,5888.0,-1.4226,10291,60,259
269420,4,KODEX S&P글로벌인프라(합성),16180,2,210,1.31,16264.0,7.8307,4520,73,259
395150,2,KODEX Fn웹툰&드라마,3350,5,-25,-0.74,3353.0,-10.6667,33191,111,258
360140,2,KODEX 200롱코스닥150숏선물,9210,5,-80,-0.86,9178.0,6.1671,61166,560,258
280930,4,KODEX 미국러셀2000(H),13095,2,550,4.38,12963.0,4.301,439766,5736,255
468380,6,KODEX iShares미국하이일드액티브,10950,2,55,0.5,10941.0,3.3311,20950,228,253
363510,6,SOL KIS단기통안채,107560,2,10,0.01,107567.0,0.8438,34,3,251
271060,5,KODEX 3대농산물선물(H),8810,2,20,0.23,8768.0,-6.9203,25157,221,248
196030,4,ACE 일본TOPIX레버리지(H),49110,5,-925,-1.85,49293.0,9.6817,1343,66,246
237350,1,KODEX 코스피100,30465,5,-430,-1.39,30455.0,7.0863,6373,193,244
277540,4,ACE 아시아TOP50S&P,15985,5,-105,-0.65,16054.0,15.6657,1808,28,240
276650,4,KBSTAR 글로벌4차산업IT(합성 H),31610,5,-880,-2.71,31567.0,14.8827,1016,32,237
237370,7,KODEX 배당성장채권혼합,13120,2,15,0.11,13118.0,5.2125,17999,235,236
117700,2,KODEX 건설,3190,2,60,1.92,3186.0,1.3986,420089,1334,236
417630,2,TIGER KEDI혁신기업ESG30,10255,2,5,0.05,10280.0,5.1363,17842,182,236
239660,6,ARIRANG 우량회사채50 1년,116605,2,85,0.07,116621.0,1.1449,407,47,233
117680,2,KODEX 철강,8705,2,10,0.12,8711.0,0.3689,49947,433,232
300950,2,KODEX 게임산업,7200,2,15,0.21,7227.0,12.5,147043,1061,230
139250,2,TIGER 200 에너지화학,12370,5,-35,-0.28,12420.0,-0.2902,13812,170,230
352560,7,KODEX 미국부동산리츠(H),11765,2,325,2.84,11759.0,6.0005,117266,1378,229
272570,6,KBSTAR 중장기국공채액티브,106425,2,220,0.21,106415.0,2.2727,5,0,229
354500,1,ACE 코스닥150,14255,5,-35,-0.24,14312.0,-0.2799,5755,82,228
387280,2,TIGER 퓨처모빌리티액티브,9510,5,-355,-3.6,9545.0,1.3319,10255,98,226
292190,1,KODEX KRX300,18485,5,-280,-1.49,18546.0,6.7818,10228,189,222
169950,4,KODEX 차이나A50,18460,2,130,0.71,18686.0,2.9846,1064,19,222
130680,5,TIGER 원유선물Enhanced(H),4755,3,0,0.0,4763.0,-2.5615,17575,83,221
426020,4,TIMEFOLIO 미국S&P500액티브,18965,5,-400,-2.07,18969.0,10.3257,104835,1978,220
138520,2,TIGER 삼성그룹펀더멘털,13055,5,-220,-1.66,13098.0,5.3842,34331,448,219
476030,4,SOL 미국나스닥100,11805,5,-255,-2.11,11803.0,10.6891,80604,948,218
419430,4,KODEX 차이나2차전지MSCI(합성),5230,2,105,2.05,5276.0,-6.7737,22906,118,214
377990,2,TIGER Fn신재생에너지,9510,5,-60,-0.63,9526.0,7.3121,46862,447,214
472350,4,1Q 차이나H(H),11820,2,425,3.73,11854.0,12.304,1,0,213
211900,2,KODEX 배당성장,16120,5,-85,-0.52,16215.0,13.9786,2871,46,210
385600,2,ACE 2차전지&친환경차액티브,11020,5,-80,-0.72,11067.0,-5.5699,11417,125,209
461600,6,SOL 미국30년국채액티브(H),9415,2,80,0.86,9414.0,4.2058,28151,264,207
381560,2,HANARO Fn전기&수소차,9005,5,-10,-0.11,9023.0,9.2574,1090,9,207
465670,4,TIGER 미국캐시카우100,11825,2,320,2.78,11768.0,-1.1619,13782,162,207
256750,4,KODEX 차이나심천ChiNext(합성),7370,3,0,0.0,7383.0,-5.27,3090,22,206
411050,4,ACE 글로벌메타버스테크액티브,13650,5,-310,-2.22,13624.0,12.0229,1326,18,205
475050,2,ACE KPOP포커스,7435,2,110,1.5,7442.0,-7.9257,132914,991,204
117460,2,KODEX 에너지화학,13795,2,15,0.11,13817.0,-5.1304,5482,75,203
460960,7,ACE 글로벌인컴TOP10 SOLACTIVE,10900,2,55,0.51,10896.0,3.691,32899,358,202
429760,4,ARIRANG 미국S&P500,14395,5,-95,-0.66,14375.0,8.1761,2150,30,202
252400,3,KBSTAR 200선물레버리지,20115,5,-585,-2.83,20163.0,13.1327,6191,125,201
484880,2,SOL 금융지주플러스고배당,10870,2,40,0.37,10895.0,,270326,2939,201
211560,2,TIGER 배당성장,20300,5,-65,-0.32,20370.0,14.5856,3014,61,201
310960,1,TIGER 200TR,22310,5,-295,-1.31,22327.0,7.2596,3074,68,201
453080,4,KOSEF 미국나스닥100(H),16605,5,-375,-2.21,16600.0,9.8941,107793,1789,199
341850,7,TIGER 리츠부동산인프라채권TR KIS,4855,2,20,0.41,4874.0,3.6064,9680,47,199
448570,1,FOCUS AI코리아액티브,13675,5,-110,-0.8,13676.0,6.0159,410,5,198
185680,4,KODEX 미국S&P바이오(합성),29395,2,990,3.49,29304.0,8.649,38032,1111,198
364990,2,TIGER 게임TOP10,5560,2,35,0.63,5580.0,11.5569,132940,742,197
446700,2,KBSTAR 배터리 리사이클링iSelect,11200,2,40,0.36,11200.0,-4.4777,6997,77,197
252420,3,KBSTAR 200선물인버스2X,1801,2,38,2.16,1801.0,-12.9952,264647,476,196
442260,1,마이티 다이나믹퀀트액티브,13910,5,-215,-1.52,13901.0,8.0724,184,2,195
404260,2,KODEX KRX기후변화솔루션,12105,5,-165,-1.34,12163.0,0.5148,218,2,194
469060,4,KBSTAR 미국반도체NYSE,17525,5,-160,-0.9,17135.0,17.6648,32798,568,193
210780,2,TIGER 코스피고배당,14870,5,-15,-0.1,14921.0,8.7624,7859,116,192
444490,4,WOORI 미국S&P500,14445,5,-125,-0.86,14447.0,8.2022,22210,319,188
304770,1,HANARO 코스닥150,14155,5,-25,-0.18,14244.0,0.3189,755,10,187
391600,4,ACE 미국친환경그린테마INDXX,9070,2,225,2.54,9235.0,2.9511,18797,170,186
396510,4,TIGER 차이나클린에너지SOLACTIVE,5515,2,90,1.66,5599.0,-3.7522,10177,55,185
114460,6,ACE 국고채3년,102855,2,185,0.18,102872.0,1.6735,89,9,185
463250,2,TIGER 스페이스테크iSelect,11930,2,135,1.14,11918.0,1.6097,46788,558,185
475350,4,KBSTAR 버크셔포트폴리오TOP10,11510,5,-5,-0.04,11447.0,12.3474,20350,232,184
453640,4,KODEX 미국S&P500헬스케어,12450,2,70,0.57,12454.0,5.0189,25956,322,181
306950,3,KODEX KRX300레버리지,18050,5,-25,-0.14,18144.0,15.0781,5752,104,181
438900,2,HANARO Fn K-푸드,11250,5,-200,-1.75,11291.0,26.2767,91394,1032,180
139220,2,TIGER 200 건설,3120,2,35,1.13,3132.0,2.228,152990,476,179
396520,4,TIGER 차이나반도체FACTSET,5505,2,70,1.29,5527.0,9.3346,12046,65,178
463680,4,KODEX 미국S&P500테크놀로지,13990,5,-415,-2.88,14025.0,11.4741,24434,341,175
265690,4,ACE 러시아MSCI(합성),9445,3,0,0.0,47.0,0.0,0,0,175
457700,6,KODEX 53-09 국고채액티브,11305,2,125,1.12,11303.0,6.1004,8518,95,174
456250,4,KODEX 유럽명품TOP10 STOXX,9450,2,85,0.91,9541.0,-2.265,13191,124,170
225800,7,KOSEF 미국달러선물레버리지,13980,3,0,0.0,13999.0,1.9693,617,8,168
464600,2,SOL 자동차소부장Fn,10810,5,-125,-1.14,10851.0,6.2512,939,10,168
200030,4,KODEX 미국S&P500산업재(합성),29665,2,550,1.89,29646.0,-0.1515,3428,101,167
448630,7,KBSTAR 삼성그룹Top3채권혼합블룸버그,10425,5,-75,-0.71,10446.0,1.0174,30143,315,167
376410,2,TIGER 탄소효율그린뉴딜,9780,5,-160,-1.61,9808.0,6.3737,3093,30,166
289260,2,TIGER MSCI KOREA ESG리더스,9895,5,-110,-1.1,9941.0,11.4929,240,2,166
337150,2,KODEX 200exTOP,12755,5,-105,-0.82,12821.0,9.0916,47973,611,166
409810,4,KODEX 미국나스닥100선물인버스(H),7880,2,165,2.14,7884.0,-8.0514,163854,1290,165
137610,5,TIGER 농산물선물Enhanced(H),5700,2,5,0.09,5692.0,-6.0956,22281,126,165
114470,6,KOSEF 국고채3년,109685,2,180,0.16,109683.0,1.7089,84,9,165
433500,2,ACE 원자력테마딥서치,17990,5,-95,-0.53,18060.0,23.4051,18504,334,162
354240,7,KBSTAR 미국고정배당우선증권ICE TR,11160,2,60,0.54,11198.0,2.8097,8804,98,162
457690,6,KODEX 33-06 국고채액티브,10645,2,55,0.52,10636.0,3.7018,73304,779,161
447430,2,ACE 주주환원가치주액티브,11890,2,10,0.08,11920.0,1.8764,15690,186,161
217780,4,TIGER 차이나CSI300인버스(합성),8900,5,-20,-0.22,8963.0,-0.5587,123,1,160
418670,4,TIGER 글로벌사이버보안INDXX,12475,2,215,1.75,12472.0,1.3403,6157,76,160
445690,2,BNK 주주가치액티브,14470,5,-50,-0.34,14466.0,9.5797,11,0,159
400590,4,SOL 글로벌탄소배출권선물ICE(합성),12235,2,25,0.2,12260.0,3.6425,10888,132,159
139270,2,TIGER 200 금융,8520,2,30,0.35,8515.0,17.5496,20985,178,158
159800,1,마이티 코스피100,30345,5,-510,-1.65,30344.0,7.0559,65,1,158
219390,4,KBSTAR 미국S&P원유생산기업(합성 H),6645,2,135,2.07,6665.0,-8.0277,12944,85,156
182490,6,TIGER 단기선진하이일드(합성 H),12920,2,120,0.94,12890.0,2.7435,504,6,155
468630,6,KODEX iShares미국투자등급회사채액티브,11125,2,65,0.59,11116.0,4.0594,17179,190,152
337140,2,KODEX 코스피대형주,13805,5,-140,-1.0,13824.0,6.5118,7476,103,152
475300,2,SOL 반도체전공정,10460,5,-240,-2.24,10492.0,-6.9396,39513,414,152
183700,7,KBSTAR 채권혼합,63170,5,-310,-0.49,63243.0,3.0421,1,0,152
245350,4,TIGER 유로스탁스배당30,12630,3,0,0.0,12661.0,4.9003,2672,33,152
195970,4,ARIRANG 선진국MSCI(합성 H),12420,2,120,0.98,12435.0,5.4329,7562,94,152
316670,1,KOSEF 코스닥150,7015,5,-40,-0.57,7095.0,-0.0713,5962,41,152
289040,2,KODEX MSCI KOREA ESG유니버설,11520,5,-185,-1.58,11571.0,7.2725,6,0,150
407820,2,에셋플러스 코리아플랫폼액티브,6780,5,-5,-0.07,6784.0,0.8178,2083,14,149
156080,1,KODEX MSCI Korea,18505,5,-305,-1.62,18591.0,5.9062,26,0,148
100910,1,KOSEF KRX100,6160,5,-85,-1.36,6173.0,6.963,378,2,148
352540,7,KODEX 일본부동산리츠(H),11350,2,115,1.02,11356.0,-0.6565,60933,690,148
241390,7,KBSTAR V&S셀렉트밸류채권혼합,12250,5,-80,-0.65,12276.0,2.8115,1155,14,147
473590,4,ACE 미국주식베스트셀러,14650,5,-700,-4.56,14673.0,25.9673,69588,1015,147
453650,4,KODEX 미국S&P500금융,14590,2,195,1.35,14522.0,6.0628,29470,428,146
167860,6,KOSEF 국고채10년레버리지,111140,2,1285,1.17,111071.0,6.6346,477,52,144
435040,4,ACE 글로벌브랜드TOP10블룸버그,16015,5,-355,-2.17,15989.0,13.1082,4047,64,144
140950,1,파워 코스피100,29960,5,-370,-1.22,29978.0,7.2643,289,8,144
250780,3,TIGER 코스닥150선물인버스,3500,2,5,0.14,3507.0,-1.2694,738774,2597,144
461340,4,HANARO 글로벌생성형AI액티브,15925,5,-530,-3.22,15970.0,9.7518,17663,280,143
253290,7,KBSTAR 헬스케어채권혼합,11925,2,55,0.46,11929.0,1.7144,29395,349,143
433970,7,KODEX TDF2030액티브,12355,2,60,0.49,12356.0,4.2264,8479,104,142
395750,2,ARIRANG ESG가치주액티브,9145,5,-120,-1.3,9183.0,6.8965,1342,12,142
300610,2,TIGER K게임,7830,2,80,1.03,7829.0,11.2215,35604,279,141
138910,5,KODEX 구리선물(H),7790,5,-165,-2.07,7767.0,4.7043,16531,128,140
447660,7,ARIRANG 애플채권혼합,12190,5,-55,-0.45,12170.0,10.8282,47252,572,140
442570,7,KBSTAR TDF2050액티브,12735,5,-35,-0.27,12721.0,4.9011,13900,176,140
415340,4,KODEX 차이나과창판STAR50(합성),5600,5,-15,-0.27,5700.0,-2.7778,554,3,140
267440,6,KBSTAR 미국장기국채선물(H),8710,2,85,0.99,8700.0,4.2489,8617,74,139
105780,2,KBSTAR 5대그룹주,6950,5,-115,-1.63,7001.0,7.5851,651,4,139
467620,6,히어로즈 25-09 미국채권(AA-이상)액티브,53205,2,110,0.21,53216.0,1.9252,3876,206,138
433980,7,KODEX TDF2040액티브,13025,2,50,0.39,13022.0,5.0911,7502,97,137
213630,4,ARIRANG 미국다우존스고배당주(합성 H),16065,2,310,1.97,16187.0,3.6451,6339,101,137
395280,2,HANARO Fn K-게임,4310,2,10,0.23,4328.0,10.6546,5140,22,136
482870,2,HANARO 주주가치성장코리아액티브,10825,5,-40,-0.37,10854.0,,3723,40,135
422260,2,VITA MZ소비액티브,9000,5,-230,-2.49,9021.0,15.4586,24865,229,135
223190,2,KODEX 200가치저변동,12205,5,-80,-0.65,12199.0,10.4325,1751,21,134
230480,7,KOSEF 미국달러선물인버스2X,5170,3,0,0.0,5155.0,-1.7111,3765,19,133
478150,4,TIMEFOLIO 글로벌우주테크&방산액티브,10620,5,-65,-0.61,10606.0,,157208,1667,133
292500,1,SOL KRX300,18840,5,-225,-1.18,18833.0,6.5189,4,0,132
475310,2,SOL 반도체후공정,14650,5,-330,-2.2,14633.0,-3.9974,44479,648,132
291130,4,ACE 멕시코MSCI(합성),14615,2,15,0.1,14616.0,-12.5898,11054,161,132
276000,4,TIGER 글로벌자원생산기업(합성 H),15400,2,310,2.05,15376.0,-1.8796,3076,47,131
471780,2,TIGER 코리아테크액티브,11680,5,-275,-2.3,11656.0,3.776,108031,1257,131
407310,1,HANARO 200 TOP10,8960,5,-105,-1.16,9013.0,5.1766,1960,17,130
280320,4,ACE 미국IT인터넷S&P(합성 H),16230,5,-220,-1.34,16313.0,-2.7853,751,12,130
217770,5,TIGER 원유선물인버스(H),2645,5,-10,-0.38,2638.0,0.7619,32412,85,130
181480,7,ACE 미국다우존스리츠(합성 H),80885,2,2475,3.16,80697.0,6.9907,1026,82,129
463690,4,KODEX 미국S&P500커뮤니케이션,13620,5,-140,-1.02,13611.0,6.1657,3343,45,129
411540,1,SOL 200 Top10,9185,5,-85,-0.92,9190.0,5.8911,2668,24,129
195920,4,TIGER 일본TOPIX(합성 H),24685,5,-105,-0.42,24705.0,5.6947,1482,36,128
404540,2,TIGER KRX기후변화솔루션,12225,5,-150,-1.21,12285.0,0.6255,404,4,128
444200,2,SOL KEDI메가테크액티브,15995,2,10,0.06,15985.0,12.7917,22444,358,128
472840,1,ITF 200,39355,5,-560,-1.4,39430.0,7.2547,961,37,128
104530,2,KOSEF 고배당,10520,5,-5,-0.05,10545.0,11.2285,1764,18,126
453060,6,HANARO KOFR금리액티브(합성),104935,2,25,0.02,104906.0,0.8844,109,11,126
365040,1,TIGER AI코리아그로스액티브,13665,5,-150,-1.09,13716.0,6.5497,1177,16,123
266410,2,KODEX 필수소비재,6810,2,20,0.29,6808.0,11.1655,21167,144,123
459750,4,KBSTAR 글로벌주식분산액티브,12885,5,-20,-0.15,12866.0,6.9294,14712,189,122
140710,2,KODEX 운송,5060,5,-20,-0.39,5059.0,13.1737,45014,226,121
473460,4,KODEX 미국서학개미,14215,5,-590,-3.99,14243.0,24.5836,27226,384,121
461450,1,KODEX 코스닥글로벌,12040,2,105,0.88,12086.0,6.5015,448,5,120
449690,4,TIGER 한중반도체(합성),14145,3,0,0.0,14026.0,9.0593,31,0,120
138530,2,TIGER LG그룹+펀더멘털,7850,3,0,0.0,7881.0,9.7748,37786,296,119
461910,4,ARIRANG 미국테크10레버리지iSelect(합성),23800,5,-1725,-6.76,23857.0,37.8511,22023,520,119
471290,6,HANARO CD금리액티브(합성),102405,2,10,0.01,102385.0,0.8618,389,39,118
483570,4,KCGI 미국S&P500 TOP10,11150,5,-290,-2.53,11113.0,,88195,984,117
474920,4,에셋플러스 차이나일등기업포커스10액티브,11130,2,50,0.45,11304.0,3.6795,6014,66,116
152500,3,ACE 레버리지,8880,5,-230,-2.52,8872.0,13.1931,8568,76,115
481340,6,KBSTAR 미국30년국채액티브,10420,2,160,1.56,10419.0,,62489,647,115
483030,4,KOSEF 미국블록버스터바이오테크의약품+,10400,2,45,0.43,10428.0,,83408,866,114
292730,1,FOCUS KRX300,19065,5,-215,-1.12,19054.0,6.9625,7,0,114
449780,4,KOSEF 미국S&P500(H),14245,5,-125,-0.87,14237.0,7.1455,1772,25,114
419650,4,ARIRANG 글로벌수소&차세대연료전지MV,4360,2,210,5.06,4296.0,5.314,74372,321,113
453660,4,KODEX 미국S&P500경기소비재,14130,5,-205,-1.43,14162.0,5.8426,354,5,113
430500,7,KOSEF 물가채KIS,112765,2,455,0.41,112782.0,1.0756,302,33,113
310080,4,KBSTAR 중국MSCI China(H),7770,2,90,1.17,7854.0,7.8417,1759,13,113
461900,4,ARIRANG 미국테크10iSelect,15945,5,-675,-4.06,16038.0,17.7621,71958,1145,112
226980,1,KODEX 200 중소형,13925,2,20,0.14,13958.0,11.0712,5697,79,111
440650,6,ACE 미국달러단기채권액티브,11015,3,0,0.0,11019.0,1.5207,42614,467,110
451670,6,KBSTAR 국채30년레버리지KAP(합성),22015,2,420,1.94,22073.0,11.5248,21524,473,110
476310,4,KBSTAR 글로벌비만산업TOP2+,11470,2,20,0.17,11489.0,12.6719,6114,69,109
145850,2,TREX 펀더멘탈 200,43570,5,-465,-1.06,43517.0,8.7238,58,2,109
453630,4,KODEX 미국S&P500필수소비재,11425,5,-30,-0.26,11439.0,5.7772,4822,54,109
429010,4,TIGER 미국나스닥넥스트100,12750,2,190,1.51,12715.0,1.3513,3416,42,108
483020,2,KOSEF 의료AI,10270,2,440,4.48,10307.0,,96772,986,108
417450,4,KBSTAR 글로벌수소경제Indxx,7560,2,215,2.93,7551.0,3.7748,25091,188,106
446690,4,KODEX 아시아AI반도체exChina액티브,20795,5,-640,-2.99,20809.0,10.0148,3225,67,104
290080,3,KBSTAR 200고배당커버드콜ATM,7680,2,55,0.72,7696.0,5.7268,8796,67,104
474390,6,SOL 국고채30년액티브,51695,2,275,0.53,51964.0,5.6833,34,1,103
480460,7,WOORI 한국부동산TOP3플러스,10335,2,50,0.49,10347.0,,7508,77,103
459790,4,히어로즈 미국성장기업30액티브,13725,5,-155,-1.12,13777.0,10.3739,1307,17,103
419420,4,KODEX 미국클린에너지나스닥,6860,2,140,2.08,6903.0,9.6722,25953,176,103
104520,2,KOSEF 블루칩,8555,5,-50,-0.58,8590.0,7.6506,476,4,103
487130,2,KoAct AI인프라액티브,10210,5,-240,-2.3,10218.0,,200263,2056,102
400580,4,SOL 유럽탄소배출권선물S&P(H),10170,2,40,0.39,10196.0,0.2958,4176,42,102
459560,4,KODEX 테슬라밸류체인FactSet,13550,5,-585,-4.14,13748.0,15.221,22817,308,102
253150,3,ARIRANG 200선물레버리지,40530,5,-985,-2.37,40590.0,13.0543,390,15,101
253250,3,KOSEF 200선물레버리지,19890,5,-565,-2.76,19935.0,12.819,16135,320,99
102960,2,KODEX 기계장비,7265,5,-20,-0.27,7263.0,11.7692,13308,96,99
464060,4,HANARO 글로벌반도체TOP10 SOLACTIVE,17890,5,-640,-3.45,18159.0,17.5967,20001,355,98
477490,4,에셋플러스 글로벌일등기업포커스10액티브,12295,5,-270,-2.15,12301.0,17.0952,1897,23,98
122090,1,ARIRANG 코스피50,27290,5,-515,-1.85,27368.0,7.112,606,16,98
452440,2,VITA 밸류알파액티브,14020,5,-215,-1.51,14044.0,14.1693,20153,283,98
375760,2,HANARO 탄소효율그린뉴딜,9695,5,-160,-1.62,9737.0,5.9215,62,0,97
139240,2,TIGER 200 철강소재,8350,5,-10,-0.12,8388.0,1.5321,5513,46,97
472720,1,TRUSTON 주주가치액티브,12090,5,-5,-0.04,12172.0,10.4109,427019,5197,97
267490,6,KBSTAR 미국장기국채선물레버리지(합성 H),6210,2,115,1.89,6200.0,6.9767,10142,62,96
471460,6,히어로즈 국고채30년액티브,60050,2,580,0.98,59995.0,6.5094,12221,730,96
368680,2,KODEX Fn K-뉴딜디지털플러스,7955,5,-25,-0.31,7951.0,0.0,453,3,95
401590,4,HANARO 글로벌탄소배출권선물ICE(합성),10045,5,-10,-0.1,10066.0,3.3436,3520,35,95
442090,2,에셋플러스 코리아대장장이액티브,11785,5,-215,-1.79,11777.0,2.2116,6,0,94
225060,4,TIGER 이머징마켓MSCI레버리지(합성 H),8560,2,5,0.06,8561.0,13.0033,1237,10,94
390400,4,KODEX 미국스마트모빌리티S&P,5875,2,105,1.82,5930.0,2.3519,8495,49,94
385710,2,TIMEFOLIO K이노베이션액티브,8485,5,-105,-1.22,8544.0,3.6652,3964,34,93
225050,4,TIGER 유로스탁스레버리지(합성 H),11665,2,5,0.04,11748.0,-2.6701,3938,45,93
292160,1,TIGER KRX300,18660,5,-275,-1.45,18715.0,6.3429,23,0,93
460270,6,히어로즈 미국달러SOFR금리액티브(합성),11445,3,0,0.0,11456.0,1.4178,120,1,93
479850,2,HANARO K-뷰티,12355,5,-160,-1.28,12390.0,,15180,188,93
285690,2,FOCUS ESG리더스,11550,5,-75,-0.65,11609.0,11.4004,174,2,92
410870,2,TIMEFOLIO K컬처액티브,10240,5,-250,-2.38,10257.0,25.1833,73434,756,92
131890,2,ACE 삼성그룹동일가중,18430,5,-210,-1.13,18514.0,5.2541,294,5,92
091220,2,TIGER 은행,8845,2,55,0.63,8869.0,16.6424,17751,157,92
333960,2,ARIRANG KS모멘텀가중TR,16655,5,-310,-1.83,16711.0,10.298,80,1,92
464610,2,SOL 의료기기소부장Fn,9635,2,35,0.36,9670.0,5.3005,10321,99,92
229720,1,KODEX KTOP30,18210,5,-215,-1.17,18303.0,5.3697,1836,33,91
460660,4,KBSTAR 미국S&P배당킹,10640,2,115,1.09,10677.0,-0.7463,8122,85,90
442580,4,ARIRANG 글로벌HBM반도체,22500,5,-855,-3.66,22419.0,8.6379,10282,230,90
455660,6,ACE 미국하이일드액티브(H),10000,2,35,0.35,10012.0,2.438,4964,49,90
467540,1,KOSEF 코스닥글로벌,12760,2,120,0.95,12779.0,5.5854,55,0,89
364690,1,KODEX 혁신기술테마액티브,14865,5,-260,-1.72,14950.0,8.6861,375,5,89
379790,4,KBSTAR 유로스탁스50(H),13700,2,5,0.04,13800.0,0.3295,678,9,89
445910,2,TIGER MKF배당귀족,13580,5,-45,-0.33,13610.0,12.5663,4122,56,88
261110,7,TIGER 미국달러선물레버리지,14710,5,-25,-0.17,14758.0,1.9404,7905,115,88
284980,2,KBSTAR 200금융,11240,5,-15,-0.13,11305.0,17.5363,2318,26,88
139660,7,KOSEF 미국달러선물인버스,8575,2,5,0.06,8569.0,-0.2327,8152,70,87
333970,2,ARIRANG KS밸류가중TR,17470,5,-320,-1.8,17542.0,7.6733,20,0,87
244620,2,KODEX 모멘텀Plus,14500,5,-170,-1.16,14528.0,10.687,1044,15,87
432840,4,HANARO 미국S&P500,14500,5,-90,-0.62,14471.0,8.6549,1496,21,87
269370,4,TIGER S&P글로벌인프라(합성),13380,2,115,0.87,13431.0,8.2787,171,2,87
225130,4,ACE 골드선물 레버리지(합성 H),21680,2,495,2.34,21651.0,-2.144,6941,150,87
411720,4,KBSTAR 글로벌메타버스Moorgate,15710,2,5,0.03,15787.0,18.0759,1982,31,86
333950,2,ARIRANG KS로우사이즈가중TR,17270,5,-320,-1.82,17320.0,4.5399,20,0,86
275280,2,KODEX MSCI모멘텀,14325,5,-290,-1.98,14391.0,13.9527,74,1,86
457930,2,BNK 미래전략기술액티브,11460,5,-40,-0.35,11470.0,8.5227,12,0,86
183710,7,KBSTAR 주식혼합,42960,5,-590,-1.35,43096.0,4.9519,1,0,86
428560,4,KODEX 미국ETF산업Top10 Indxx,14320,2,150,1.06,14350.0,2.476,4913,70,86
292050,1,KBSTAR KRX300,19040,5,-320,-1.65,19132.0,6.5055,885,16,86
485810,4,TIMEFOLIO 글로벌안티에이징바이오액티브,10035,5,-80,-0.79,10051.0,,172664,1742,85
399580,4,KBSTAR 글로벌클린에너지S&P,7080,2,115,1.65,7243.0,-0.2817,7638,53,85
174350,2,TIGER 로우볼,12825,5,-20,-0.16,12885.0,8.2826,77,0,85
139320,5,TIGER 금은선물(H),11270,2,145,1.3,11355.0,-0.133,4616,52,85
468370,6,KODEX iShares미국인플레이션국채액티브,10680,2,40,0.38,10671.0,3.4182,4269,45,84
450190,4,KODEX 한중반도체(합성),14050,5,-155,-1.09,14191.0,7.0068,809,11,84
176950,6,KODEX 국채선물10년인버스,53995,5,-145,-0.27,53836.0,-2.1564,10,0,84
337120,2,KODEX Fn멀티팩터,14010,3,0,0.0,13865.0,6.5145,0,0,84
438740,2,마이다스 KoreaStock중소형액티브,22140,5,-65,-0.29,22163.0,1.6528,228,5,83
413930,2,WOORI AI ESG액티브,10360,5,-160,-1.52,10393.0,8.0291,1199,12,83
433220,4,에셋플러스 글로벌대장장이액티브,15890,5,-300,-1.85,15916.0,9.2847,1915,30,83
486780,3,HANARO 200선물레버리지1.5X,14740,5,-365,-2.42,14849.0,,486,7,83
289670,6,ARIRANG 국채선물10년,54170,2,170,0.31,54324.0,3.6349,150,8,82
456200,6,ARIRANG 미국달러SOFR금리액티브(합성),54785,2,5,0.01,54850.0,1.6136,55,3,82
346000,6,HANARO KAP초장기국고채,39420,2,235,0.6,39515.0,5.0163,1626,64,82
449580,7,KBSTAR 미국빅데이터Top3채권혼합iSelect,13640,5,-300,-2.15,13625.0,9.8228,20119,273,82
371150,4,KBSTAR 차이나항셍테크,5635,2,120,2.18,5645.0,8.9941,3519,19,82
227560,2,TIGER 200 생활소비재,8470,5,-45,-0.53,8512.0,9.0792,714,6,81
441330,4,KOSEF 차이나A50커넥트MSCI,8555,3,0,0.0,8734.0,3.6341,0,0,81
333940,2,ARIRANG KS로우볼가중TR,14660,5,-240,-1.61,14717.0,6.6569,20,0,81
448100,1,WOORI 200,39950,5,-655,-1.61,40101.0,6.9726,1758,70,80
108590,1,TREX 200,39915,5,-575,-1.42,39965.0,7.3676,255,10,80
375270,7,KBSTAR 글로벌데이터센터리츠나스닥(합성),11385,2,350,3.17,11479.0,5.7103,5657,64,80
424460,4,HANARO 글로벌워터MSCI(합성),13230,2,230,1.77,13245.0,2.3201,28,0,79
261060,2,TIGER 코스닥150IT,16430,5,-340,-2.03,16428.0,-4.853,712,11,79
449680,7,TIGER 한중전기차(합성),8225,2,40,0.49,8258.0,-3.4625,66,0,78
261140,2,TIGER 우선주,12980,5,-120,-0.92,13029.0,6.84,2496,32,78
380340,2,ACE Fn5G플러스,11125,5,-220,-1.94,11124.0,4.1764,123,1,78
228820,1,TIGER KTOP30,9150,5,-115,-1.24,9207.0,4.5953,999,9,78
234310,2,KBSTAR V&S셀렉트밸류,15500,5,-240,-1.52,15571.0,4.4544,5,0,78
269530,4,ARIRANG S&P글로벌인프라,15500,2,150,0.98,15586.0,8.331,735,11,78
153270,1,KOSEF 코스피100,29805,5,-510,-1.68,29791.0,7.1313,85,2,77
331910,2,KOSEF Fn중소형,22655,5,-110,-0.48,22691.0,9.8477,54,1,77
192720,2,파워 고배당저변동성,31840,2,220,0.7,31945.0,6.442,248,7,76
429740,7,ARIRANG K리츠Fn,7275,2,40,0.55,7283.0,4.4808,15837,114,76
360150,2,KODEX 코스닥150롱코스피200숏선물,9510,2,100,1.06,9506.0,-5.7016,24375,231,76
450120,2,KOSEF SK그룹대표주,13745,5,-195,-1.4,13798.0,10.0921,1123,15,76
292770,6,KODEX 국채선물3년인버스,54495,3,0,0.0,54397.0,-0.1376,0,0,75
435550,7,히어로즈 TDF2050액티브,13640,5,-20,-0.15,13656.0,6.3962,78,1,75
227570,2,TIGER 우량가치,11900,3,0,0.0,11947.0,8.5568,432,5,75
473640,4,HANARO 글로벌금채굴기업,13500,2,500,3.85,13613.0,9.5779,14766,197,74
307510,2,TIGER 의료기기,14840,2,135,0.92,14983.0,1.4423,2590,38,74
227830,1,ARIRANG 코스피,29565,5,-590,-1.96,29679.0,6.1541,502,14,74
305050,1,ACE 코스피,29475,5,-250,-0.84,29466.0,6.7316,1241,36,74
237440,7,TIGER 경기방어채권혼합,9195,2,45,0.49,9232.0,2.6686,4969,45,74
404650,2,SOL KRX기후변화솔루션,12120,5,-185,-1.5,12201.0,0.7984,123,1,73
432600,6,KBSTAR 국채선물3년,53680,2,15,0.03,53739.0,1.6089,64,3,72
270800,2,KBSTAR KQ고배당,11965,3,0,0.0,11983.0,-2.9052,1,0,72
486790,3,HANARO 코스닥150선물레버리지1.5X,14875,5,-135,-0.9,14924.0,,17497,260,71
275290,2,KODEX MSCI밸류,11870,5,-160,-1.33,11920.0,5.2398,16,0,71
373790,4,KOSEF 미국방어배당성장나스닥,14225,2,180,1.28,14327.0,4.327,941,13,71
166400,3,TIGER 200커버드콜5%OTM,14205,5,-230,-1.59,14269.0,6.8366,1177,16,71
460280,2,KOSEF Fn유전자혁신기술,9465,2,145,1.56,9493.0,4.7013,413,3,71
138920,5,KODEX 콩선물(H),11715,2,10,0.09,11654.0,-6.7649,2796,32,70
482030,2,KoAct 테크핵심소재공급망액티브,9355,5,-165,-1.73,9391.0,,13282,124,70
289250,2,TIGER MSCI KOREA ESG유니버설,11680,5,-40,-0.34,11585.0,8.2182,1,0,70
371130,4,ACE 베트남VN30선물블룸버그레버리지(H),11615,5,-45,-0.39,11574.0,3.2444,2010,23,70
117690,4,TIGER 차이나항셍25,15395,2,335,2.22,15540.0,14.2486,3029,46,69
253280,2,KBSTAR 헬스케어,13845,2,110,0.8,13892.0,1.764,5043,69,69
252650,1,KODEX 200동일가중,11535,2,65,0.57,11555.0,8.5238,2,0,69
275300,2,KODEX MSCI퀄리티,9880,3,0,0.0,9783.0,6.7761,1,0,69
251590,2,ARIRANG 고배당저변동50,12540,2,15,0.12,12585.0,6.1542,2758,34,69
157500,2,TIGER 증권,5305,5,-45,-0.84,5319.0,9.9254,19624,104,69
481200,4,SOL 미국테크TOP10인버스(합성),8585,2,340,4.12,8535.0,,1039,8,69
429990,7,SOL 한국형글로벌플랫폼&메타버스액티브,13585,5,-80,-0.59,13753.0,2.1812,12,0,68
435540,7,히어로즈 TDF2040액티브,13470,5,-5,-0.04,13476.0,6.2721,37,0,67
304670,6,KODEX 미국30년국채울트라선물인버스(H),11210,5,-110,-0.97,11219.0,-3.8594,418,4,67
440910,4,WOORI 미국우주항공방산,13440,2,45,0.34,13535.0,4.877,1972,26,67
226380,2,ACE Fn성장소비주도주,6090,5,-5,-0.08,6101.0,8.6336,262,1,67
451150,4,에셋플러스 글로벌영에이지액티브,13380,5,-90,-0.67,13414.0,1.6717,21,0,67
298340,6,ARIRANG 국채선물3년,55035,3,0,0.0,55179.0,1.6875,0,0,66
457990,2,ARIRANG 태양광&ESS Fn,10950,5,-120,-1.08,10977.0,17.2879,19362,213,66
462340,4,에셋플러스 글로벌다이나믹시니어액티브,12605,5,-155,-1.21,12649.0,9.0397,38,0,66
205720,4,ACE 일본TOPIX인버스(합성 H),2470,2,45,1.86,2474.0,-5.1824,42133,103,64
225030,4,TIGER 미국S&P500선물인버스(H),3055,2,25,0.83,3051.0,-5.5642,21259,64,64
304760,1,HANARO KRX300,18210,5,-250,-1.35,18304.0,6.1065,53,0,64
280920,2,ARIRANG 주도업종,11515,5,-155,-1.33,11560.0,12.0136,194,2,63
215620,2,HK S&P코리아로우볼,13125,3,0,0.0,13247.0,6.6871,0,0,63
435530,7,히어로즈 TDF2030액티브,12575,5,-25,-0.2,12637.0,4.6608,98,1,63
316300,7,ACE 싱가포르리츠,12530,2,485,4.03,12621.0,3.0851,7314,91,63
442560,7,KBSTAR TDF2040액티브,12515,5,-45,-0.36,12525.0,4.9916,1366,17,63
429980,7,SOL 한국형글로벌전기차&2차전지액티브,11570,5,-100,-0.86,11686.0,9.3056,529,6,62
140580,2,KBSTAR 우량업종대표주,12460,5,-55,-0.44,12519.0,9.7894,1093,13,62
411860,4,KOSEF 독일DAX,12400,2,145,1.18,12425.0,4.8182,152,1,62
469530,3,KBSTAR 미국달러선물인버스,9510,2,5,0.05,9501.0,0.0526,278,2,62
459370,4,SOL 유럽탄소배출권선물인버스ICE(H),12355,5,-85,-0.68,12328.0,-1.9056,1201,14,62
461580,1,TIGER 코스닥글로벌,12265,2,50,0.41,12337.0,6.3285,175,2,61
437370,4,KBSTAR 글로벌농업경제MV,8690,2,190,2.24,8725.0,-4.6627,181,1,61
334690,5,KBSTAR 팔라듐선물(H),5060,5,-80,-1.56,5031.0,-9.2377,2284,11,61
291890,4,KODEX MSCI EM선물(H),8670,2,40,0.46,8635.0,7.3019,462,4,61
442550,7,KBSTAR TDF2030액티브,12135,2,45,0.37,12147.0,4.5219,1119,13,61
466810,2,BNK 2차전지양극재,7500,5,-55,-0.73,7500.0,-5.7197,4771,35,60
473500,4,KOSEF 글로벌전력반도체,9965,2,80,0.81,10106.0,10.3543,41364,414,60
404120,2,TIMEFOLIO K신재생에너지액티브,14900,5,-300,-1.97,14906.0,10.4112,16120,241,60
419170,4,HANARO 미국메타버스iSelect,14875,5,-495,-3.22,15115.0,7.2922,300,4,60
415760,4,SOL 차이나육성산업액티브(합성),5400,2,5,0.09,5498.0,-2.5271,1756,9,59
253160,3,ARIRANG 200선물인버스2X,3700,2,120,3.35,3672.0,-12.3223,17411,63,59
450180,7,KODEX 한중전기차(합성),8390,5,-20,-0.24,8472.0,-4.0595,263,2,59
139290,2,TIGER 200 경기소비재,17210,5,-70,-0.41,17296.0,4.0885,135,2,59
367740,2,HANARO Fn5G산업,14610,5,-265,-1.78,14668.0,8.7296,134,1,58
189400,4,ARIRANG 글로벌MSCI(합성 H),19335,5,-10,-0.05,19391.0,6.0905,422,8,58
105010,4,TIGER 라틴35,4445,5,-5,-0.11,4449.0,-4.2026,2670,11,58
277640,2,TIGER 코스피대형주,14305,5,-210,-1.45,14353.0,6.3806,636,9,57
402460,2,HANARO Fn K-메타버스MZ,7595,2,30,0.4,7594.0,9.202,3369,25,57
437550,7,히어로즈 글로벌리츠이지스액티브,10270,2,240,2.39,10423.0,6.0402,1207,12,56
371870,4,ACE 차이나항셍테크,5630,2,180,3.3,5631.0,9.6397,16325,90,56
314700,2,HANARO 농업융복합산업,10180,2,15,0.15,10228.0,2.9322,561,5,56
219900,4,ACE 중국본토CSI300레버리지(합성),2430,2,30,1.25,2482.0,-2.2133,6161,14,56
407160,2,KCGI 테크미디어텔레콤액티브,10115,5,-165,-1.61,10140.0,3.0565,431,4,56
428510,4,KODEX 차이나메타버스액티브,11110,2,105,0.95,11144.0,13.194,229,2,56
281990,2,KBSTAR 중소형고배당,11020,2,25,0.23,11072.0,3.5714,270,2,55
373530,4,ARIRANG 신흥국MSCI인버스(합성 H),10555,2,35,0.33,10568.0,-5.5904,198,2,55
307520,2,TIGER 지주회사,10885,5,-70,-0.64,10921.0,8.5352,8113,88,54
277650,2,TIGER 코스피중형주,15500,2,85,0.55,15570.0,8.3461,409,6,54
394340,4,KOSEF 글로벌디지털경제,10790,5,-260,-2.35,11087.0,6.4627,177,1,54
252000,1,TIGER 200동일가중,11935,3,0,0.0,12040.0,8.2274,0,0,54
390950,6,HANARO 단기채권액티브,107225,3,0,0.0,107224.0,0.8891,139,14,54
261920,4,ACE 필리핀MSCI(합성),13385,2,15,0.11,13563.0,-3.9814,47,0,54
143460,2,ACE 밸류대형,10635,5,-130,-1.21,10657.0,8.5314,135,1,53
253230,3,KOSEF 200선물인버스2X,1811,2,44,2.49,1808.0,-13.1415,68094,123,53
322410,2,HANARO 고배당,12960,5,-35,-0.27,13010.0,5.2204,418,5,52
476000,2,UNICORN 포스트IPO액티브,8535,2,120,1.43,8529.0,-10.1579,23,0,51
391670,1,HK 베스트일레븐액티브,10240,3,0,0.0,10100.0,3.0179,0,0,51
433250,1,UNICORN R&D 액티브,12675,5,-115,-0.9,12700.0,6.962,18,0,51
140570,2,KBSTAR 수출주,12455,5,-95,-0.76,12518.0,11.2053,2615,32,50
445950,4,KOSEF 차이나A50커넥트인버스MSCI(합성 H),9915,3,0,0.0,9947.0,-2.5553,0,0,50
381570,2,HANARO Fn친환경에너지,8165,5,-40,-0.49,8152.0,-8.3409,1634,13,49
391680,1,HK 하이볼액티브,8895,3,0,0.0,8800.0,4.524,100,0,49
321410,7,KODEX 멀티에셋하이인컴(H),9745,2,190,1.99,9757.0,2.687,51,0,49
404470,2,HANARO KRX기후변화솔루션,12115,5,-110,-0.9,12158.0,0.7568,260,3,48
427110,2,KBSTAR Fn창업투자회사,7220,5,-55,-0.76,7254.0,-4.1805,39,0,48
432850,4,HANARO 글로벌백신치료제MSCI,11885,2,105,0.89,11994.0,9.7921,101,1,48
315270,2,TIGER 200커뮤니케이션서비스,16855,5,-65,-0.38,16886.0,0.1425,4515,77,47
433880,7,ARIRANG TDF2060액티브,13760,5,-50,-0.36,13758.0,5.9276,3854,52,47
429870,7,히어로즈 리츠이지스액티브,7645,2,40,0.53,7722.0,5.6668,205,1,46
244660,2,KODEX 퀄리티Plus,9135,2,20,0.22,9170.0,8.7629,42,0,46
252410,3,KBSTAR 200선물인버스,5025,2,60,1.21,5024.0,-6.0748,5447,27,45
473380,2,HANARO K-메디테크,8745,2,30,0.34,8759.0,6.8417,68,0,44
476260,2,HANARO 반도체핵심공정주도주,9705,5,-280,-2.8,9720.0,-7.3951,18993,183,44
238670,7,ARIRANG 스마트베타Quality채권혼합,10810,5,-15,-0.14,10853.0,1.837,256,2,43
266390,2,KODEX 경기소비재,8610,2,50,0.58,8617.0,7.3967,469,4,43
454180,4,KOSEF 차이나내수소비TOP CSI,7795,2,85,1.1,7769.0,-6.5908,31,0,43
416090,4,ACE 중국과창판STAR50,5350,2,10,0.19,5401.0,-3.0798,314,1,43
301400,1,ARIRANG 코스닥150,14265,5,-90,-0.63,14366.0,-0.5231,163,2,43
244670,2,KODEX 밸류Plus,8505,2,25,0.29,8537.0,1.8684,5618,47,43
407170,2,KCGI 스마트커머스액티브,8410,5,-25,-0.3,8443.0,17.2942,131,1,42
373490,2,KODEX K-이노베이션액티브,13920,5,-180,-1.28,13997.0,15.8551,229,3,42
448510,4,HANARO 글로벌신재생에너지MSCI(합성),7525,2,170,2.31,7495.0,5.466,143,1,41
306520,3,HANARO 200선물인버스,9110,2,175,1.96,9080.0,-5.9371,614,5,41
445930,4,KOSEF 차이나A50커넥트레버리지MSCI(합성H),7955,3,0,0.0,8165.0,6.7785,130,1,40
295000,6,KBSTAR 국채선물10년,53525,2,215,0.4,53594.0,3.56,154,8,40
426330,4,KOSEF 미국ETF산업STOXX,12635,5,-25,-0.2,12855.0,2.8908,846,10,38
469790,2,KOSEF K-테크TOP10,12580,5,-230,-1.8,12603.0,7.7054,520,6,38
438210,4,ARIRANG 글로벌인공지능산업MV,12445,2,90,0.73,12467.0,-1.3477,2327,28,37
413220,4,SOL 차이나태양광CSI(합성),3645,2,35,0.97,3717.0,-19.4476,9982,36,36
256450,4,ARIRANG 심천차이넥스트(합성),7190,5,-5,-0.07,7226.0,-6.0745,32,0,36
139310,5,TIGER 금속선물(H),5930,5,-45,-0.75,5989.0,0.0843,2846,16,36
427120,2,KBSTAR Fn플랫폼테마,6435,2,15,0.23,6456.0,0.3117,1858,11,35
322130,2,ACE 스마트로우볼,17350,5,-380,-2.14,17426.0,6.0124,125,2,35
243890,2,TIGER 200에너지화학레버리지,6305,5,-25,-0.39,6320.0,-3.667,32744,207,35
279540,2,KODEX 최소변동성,11390,5,-60,-0.52,11430.0,6.4983,5,0,34
322120,2,ACE 스마트퀄리티,17080,5,-80,-0.47,17063.0,6.9237,4102,70,34
426410,4,ARIRANG 미국대체투자Top10MV,17035,2,195,1.16,17382.0,3.0301,940,15,34
227550,2,TIGER 200 산업재,7010,5,-60,-0.85,7036.0,11.3228,325,2,34
397420,6,KBSTAR 국채선물5년추종,50280,2,55,0.11,50352.0,2.2158,4,0,33
407300,2,HANARO Fn골프테마,5995,5,-10,-0.17,6023.0,9.4377,55,0,33
291620,3,KOSEF 코스닥150선물인버스,6200,2,15,0.24,6195.0,-1.1953,8791,54,33
395760,2,ARIRANG ESG성장주액티브,9285,5,-155,-1.64,9321.0,6.0657,38,0,32
098560,2,TIGER 방송통신,6675,2,35,0.53,6679.0,-2.4123,5048,33,32
266550,2,ARIRANG 중형주저변동50,12600,2,5,0.04,12644.0,13.0348,60,0,32
456100,6,HANARO 유로존국채25년플러스(합성 H),50300,2,500,1.0,50317.0,-0.7499,5,0,31
472490,4,HANARO 미국애그테크,10365,2,240,2.37,10492.0,-7.3147,3180,32,31
334700,5,KBSTAR 팔라듐선물인버스(H),6210,2,85,1.39,6277.0,5.8823,752,4,31
147970,2,TIGER 모멘텀,30945,5,-520,-1.65,30976.0,18.5087,255,7,31
220130,4,SOL 차이나강소기업CSI500(합성 H),3835,3,0,0.0,3850.0,-7.1429,151,0,31
436180,2,ARIRANG K-유니콘투자기업액티브,10185,5,-10,-0.1,10222.0,-3.304,22,0,31
306530,3,HANARO 코스닥150선물레버리지,11305,5,-95,-0.83,11336.0,0.0442,3878,43,29
301410,3,ARIRANG 코스닥150선물인버스,5320,2,50,0.95,5336.0,-1.6636,579,3,29
291630,3,KOSEF 코스닥150선물레버리지,5620,5,-45,-0.79,5640.0,0.0,22078,123,29
322150,2,ACE 스마트하이베타,14310,5,-280,-1.92,14370.0,6.236,6,0,29
280940,5,KODEX 골드선물인버스(H),5995,5,-60,-0.99,6002.0,0.167,3977,23,27
433860,7,ARIRANG TDF2040액티브,12225,2,15,0.12,12207.0,4.8456,164,1,26
415920,5,ARIRANG 글로벌희토류전략자원기업MV,4250,2,120,2.91,4231.0,-18.5044,3105,13,26
253240,3,KOSEF 200선물인버스,5085,2,70,1.4,5076.0,-6.0074,979,4,25
145670,3,ACE 인버스,4895,2,75,1.56,4881.0,-5.8654,2955,14,24
465620,4,ACE 미국빅테크TOP7 Plus인버스(합성),11980,2,405,3.5,11933.0,-16.2531,12034,144,24
433850,7,ARIRANG TDF2030액티브,11805,5,-50,-0.42,11847.0,3.9172,33,0,24
433870,7,ARIRANG TDF2050액티브,13090,2,5,0.04,13081.0,7.0318,510,6,24
291680,4,KBSTAR 차이나H선물인버스(H),11605,5,-310,-2.6,11641.0,-12.0834,77,0,23
275750,3,KBSTAR 코스닥150선물인버스,3530,2,10,0.28,3534.0,-1.5342,5612,19,23
267450,6,KBSTAR 미국장기국채선물인버스(H),10620,5,-95,-0.89,10630.0,-1.6667,16,0,21
412560,2,TIGER BBIG레버리지,2155,2,10,0.47,2162.0,1.6509,6454,14,17
272220,2,ACE 스마트모멘텀,16670,5,-280,-1.65,16697.0,7.4929,5,0,17
333980,2,ARIRANG KS퀄리티가중TR,15975,5,-185,-1.14,16039.0,6.0756,22,0,16
272230,2,ACE 스마트밸류,15780,5,-160,-1.0,15763.0,9.1135,1,0,16
391590,4,ACE 미국스팩&IPO INDXX,5030,2,20,0.4,5182.0,-5.3622,539,2,15
402520,1,FOCUS 혁신기업액티브,9515,5,-90,-0.94,9500.0,10.7038,120,1,10
